"","orig.ident","final_annotation","TB_origin","origin_groundtruth","TB_origin_class","origin_groundtruth_class"
"M1_AAAGAACCAGACCAGA-1_1","Query","B-cell","Tissue","Tissue","1","1"
"M1_AAAGTCCCACTGTTCC-1_1","Query","B-cell","Tissue","Tissue","1","1"
"M1_AACACACAGGCTCTCG-1_1","Query","B-cell","Tissue","Tissue","1","1"
"M1_AACCACAAGTTCCGTA-1_1","Query","B-cell","Tissue","Tissue","1","1"
"M1_AACCATGGTAGCTCGC-1_1","Query","B-cell","Tissue","Tissue","1","1"
"M1_AACCTGATCCGTTGGG-1_1","Query","B-cell","Tissue","Tissue","1","1"
"M1_AACCTTTAGCGCAATG-1_1","Query","B-cell","Tissue","Tissue","1","1"
"M1_AACCTTTCAACGGTAG-1_1","Query","B-cell","Tissue","Tissue","1","1"
"M1_AACGTCATCCTAGCGG-1_1","Query","B-cell","Tissue","Tissue","1","1"
"M1_AAGACAATCGGAAGGT-1_1","Query","B-cell","Tissue","Tissue","1","1"
"M1_AAGCGTTAGTTCTACG-1_1","Query","B-cell","Tissue","Tissue","1","1"
"M1_AAGGAATAGCCGTTAT-1_1","Query","B-cell","Tissue","Tissue","1","1"
"M1_AAGGTAATCTACGGGC-1_1","Query","B-cell","Tissue","Tissue","1","1"
"M1_AAGTGAAAGAAGCCTG-1_1","Query","B-cell","Tissue","Tissue","1","1"
"M1_AATCGTGTCAGTGTGT-1_1","Query","B-cell","Tissue","Tissue","1","1"
"M1_AATTCCTAGAGTCAAT-1_1","Query","B-cell","Tissue","Tissue","1","1"
"M1_ACACGCGTCTATACTC-1_1","Query","B-cell","Tissue","Tissue","1","1"
"M1_ACAGAAATCTACTCAT-1_1","Query","B-cell","Tissue","Tissue","1","1"
"M1_ACAGCCGGTTTGAACC-1_1","Query","B-cell","Tissue","Tissue","1","1"
"M1_ACAGGGACAGGTGTGA-1_1","Query","B-cell","Tissue","Tissue","1","1"
"M1_ACATCCCAGTTGGGAC-1_1","Query","B-cell","Tissue","Tissue","1","1"
"M1_ACCAAACGTCAAGGCA-1_1","Query","B-cell","Tissue","Tissue","1","1"
"M1_ACCTGAAGTGTTCAGT-1_1","Query","B-cell","Tissue","Tissue","1","1"
"M1_ACGCACGTCGCTCATC-1_1","Query","B-cell","Tissue","Tissue","1","1"
"M1_ACGTAACCAGCCGTTG-1_1","Query","B-cell","Tissue","Tissue","1","1"
"M1_ACTGATGAGTACCCTA-1_1","Query","B-cell","Tissue","Tissue","1","1"
"M1_ACTGTCCAGTCTGTAC-1_1","Query","B-cell","Tissue","Tissue","1","1"
"M1_ACTTTGTGTAACGTTC-1_1","Query","B-cell","Tissue","Tissue","1","1"
"M1_AGACAAATCGCTTAAG-1_1","Query","B-cell","Tissue","Tissue","1","1"
"M1_AGAGCCCTCGATACTG-1_1","Query","B-cell","Tissue","Tissue","1","1"
"M1_AGCCAATTCTAGACCA-1_1","Query","B-cell","Tissue","Tissue","1","1"
"M1_AGCTACATCAGTCAGT-1_1","Query","B-cell","Tissue","Tissue","1","1"
"M1_AGGAATACAAGGCCTC-1_1","Query","B-cell","Tissue","Tissue","1","1"
"M1_AGGATAAAGCGACATG-1_1","Query","B-cell","Tissue","Tissue","1","1"
"M1_AGGGCTCGTGAGTCAG-1_1","Query","B-cell","Tissue","Tissue","1","1"
"M1_AGGGTGATCACGAACT-1_1","Query","B-cell","Tissue","Tissue","1","1"
"M1_AGTACCAAGTAAAGCT-1_1","Query","B-cell","Tissue","Tissue","1","1"
"M1_AGTCACAAGTCTTCCC-1_1","Query","B-cell","Tissue","Tissue","1","1"
"M1_ATACTTCAGCCTATCA-1_1","Query","B-cell","Tissue","Tissue","1","1"
"M1_ATCATTCAGTTGCGAG-1_1","Query","B-cell","Tissue","Tissue","1","1"
"M1_ATCGATGAGTTGCGCC-1_1","Query","B-cell","Tissue","Tissue","1","1"
"M1_ATGAAAGCAAGGTACG-1_1","Query","B-cell","Tissue","Tissue","1","1"
"M1_ATGAGTCGTACGGATG-1_1","Query","B-cell","Tissue","Tissue","1","1"
"M1_ATGCCTCGTTAGGCTT-1_1","Query","B-cell","Tissue","Tissue","1","1"
"M1_ATGGAGGAGCATGTTC-1_1","Query","B-cell","Tissue","Tissue","1","1"
"M1_ATGTCCCCATGTTCAG-1_1","Query","B-cell","Tissue","Tissue","1","1"
"M1_ATTATCCAGACATCCT-1_1","Query","B-cell","Tissue","Tissue","1","1"
"M1_ATTATCCCATAAGCAA-1_1","Query","B-cell","Tissue","Tissue","1","1"
"M1_ATTCCTATCGCGGTAC-1_1","Query","B-cell","Tissue","Tissue","1","1"
"M1_ATTCGTTTCTACTTCA-1_1","Query","B-cell","Tissue","Tissue","1","1"
"M1_CAACCAACATATCGGT-1_1","Query","B-cell","Tissue","Tissue","1","1"
"M1_CAAGCTAGTGTAAATG-1_1","Query","B-cell","Tissue","Tissue","1","1"
"M1_CAAGGGAAGTCACACT-1_1","Query","B-cell","Tissue","Tissue","1","1"
"M1_CAATACGAGGAACTAT-1_1","Query","B-cell","Tissue","Tissue","1","1"
"M1_CAATACGTCATACGGT-1_1","Query","B-cell","Tissue","Tissue","1","1"
"M1_CAATCGACAACTGCCG-1_1","Query","B-cell","Tissue","Tissue","1","1"
"M1_CAATCGACAAGAGTGC-1_1","Query","B-cell","Tissue","Tissue","1","1"
"M1_CACACAATCTTTGATC-1_1","Query","B-cell","Tissue","Tissue","1","1"
"M1_CACCAAACAGCTGTCG-1_1","Query","B-cell","Tissue","Tissue","1","1"
"M1_CACCGTTCAAATCAGA-1_1","Query","B-cell","Tissue","Tissue","1","1"
"M1_CACGGGTCATTGTAGC-1_1","Query","B-cell","Tissue","Tissue","1","1"
"M1_CACTAAGTCCATTCAT-1_1","Query","B-cell","Tissue","Tissue","1","1"
"M1_CATACTTAGAGTCGAC-1_1","Query","B-cell","Tissue","Tissue","1","1"
"M1_CATCAAGCAACTCCAA-1_1","Query","B-cell","Tissue","Tissue","1","1"
"M1_CATCCACCAACATCGT-1_1","Query","B-cell","Tissue","Tissue","1","1"
"M1_CATCCACGTCGAACAG-1_1","Query","B-cell","Tissue","Tissue","1","1"
"M1_CATGAGTCAAGTCCCG-1_1","Query","B-cell","Tissue","Tissue","1","1"
"M1_CATGCCTGTAACTGCT-1_1","Query","B-cell","Tissue","Tissue","1","1"
"M1_CATTCATCAAGTCGTT-1_1","Query","B-cell","Tissue","Tissue","1","1"
"M1_CCACACTCAATACAGA-1_1","Query","B-cell","Tissue","Tissue","1","1"
"M1_CCATCACTCAGGTAAA-1_1","Query","B-cell","Tissue","Tissue","1","1"
"M1_CCCATTGAGGATACGC-1_1","Query","B-cell","Tissue","Tissue","1","1"
"M1_CCCATTGCAATGCAGG-1_1","Query","B-cell","Tissue","Tissue","1","1"
"M1_CCGCAAGCAGGATGAC-1_1","Query","B-cell","Tissue","Tissue","1","1"
"M1_CCGCAAGTCGGCTGAC-1_1","Query","B-cell","Tissue","Tissue","1","1"
"M1_CCTAAGATCTAAGCCA-1_1","Query","B-cell","Tissue","Tissue","1","1"
"M1_CCTCCAAAGACTACCT-1_1","Query","B-cell","Tissue","Tissue","1","1"
"M1_CCTCTCCGTGGTACAG-1_1","Query","B-cell","Tissue","Tissue","1","1"
"M1_CGAATTGCAGGTTTAC-1_1","Query","B-cell","Tissue","Tissue","1","1"
"M1_CGACAGCAGAGCCTGA-1_1","Query","B-cell","Tissue","Tissue","1","1"
"M1_CGCCATTGTATCCCAA-1_1","Query","B-cell","Tissue","Tissue","1","1"
"M1_CGGTCAGAGCAGGTCA-1_1","Query","B-cell","Tissue","Tissue","1","1"
"M1_CGTAGTAAGAGAAGGT-1_1","Query","B-cell","Tissue","Tissue","1","1"
"M1_CGTGAATCAGCTACTA-1_1","Query","B-cell","Tissue","Tissue","1","1"
"M1_CTAACTTAGCCTCTCT-1_1","Query","B-cell","Tissue","Tissue","1","1"
"M1_CTAAGTGCATCAGCTA-1_1","Query","B-cell","Tissue","Tissue","1","1"
"M1_CTACTATTCTCAACGA-1_1","Query","B-cell","Tissue","Tissue","1","1"
"M1_CTAGACAAGTAGGGTC-1_1","Query","B-cell","Tissue","Tissue","1","1"
"M1_CTAGGTAGTGATACCT-1_1","Query","B-cell","Tissue","Tissue","1","1"
"M1_CTCAAGACACCCAAGC-1_1","Query","B-cell","Tissue","Tissue","1","1"
"M1_CTCAAGAGTGTCCGTG-1_1","Query","B-cell","Tissue","Tissue","1","1"
"M1_CTCAGTCCACTGAATC-1_1","Query","B-cell","Tissue","Tissue","1","1"
"M1_CTCATCGGTACTGGGA-1_1","Query","B-cell","Tissue","Tissue","1","1"
"M1_CTGCAGGCACTATCCC-1_1","Query","B-cell","Tissue","Tissue","1","1"
"M1_CTGGACGAGAGCCCAA-1_1","Query","B-cell","Tissue","Tissue","1","1"
"M1_CTGTGGGCAACACAGG-1_1","Query","B-cell","Tissue","Tissue","1","1"
"M1_CTTACCGCATGTTTGG-1_1","Query","B-cell","Tissue","Tissue","1","1"
"M1_CTTAGGACAATTCTTC-1_1","Query","B-cell","Tissue","Tissue","1","1"
"M1_CTTGAGATCGAGATAA-1_1","Query","B-cell","Tissue","Tissue","1","1"
"M1_GAAGAATAGACAAGCC-1_1","Query","B-cell","Tissue","Tissue","1","1"
"M1_GAAGCCCAGTCATAGA-1_1","Query","B-cell","Tissue","Tissue","1","1"
"M1_GAAGCCCCAATATCCG-1_1","Query","B-cell","Tissue","Tissue","1","1"
"M1_GAAGCCCTCCTCAGGG-1_1","Query","B-cell","Tissue","Tissue","1","1"
"M1_GAAGGACCAATCTCGA-1_1","Query","B-cell","Tissue","Tissue","1","1"
"M1_GACACGCTCATTCTTG-1_1","Query","B-cell","Tissue","Tissue","1","1"
"M1_GACCCAGGTCACGTGC-1_1","Query","B-cell","Tissue","Tissue","1","1"
"M1_GACCCAGTCTGTCCGT-1_1","Query","B-cell","Tissue","Tissue","1","1"
"M1_GACTTCCAGAGGGTAA-1_1","Query","B-cell","Tissue","Tissue","1","1"
"M1_GAGAAATGTAAGGCCA-1_1","Query","B-cell","Tissue","Tissue","1","1"
"M1_GAGACCCGTCAACACT-1_1","Query","B-cell","Tissue","Tissue","1","1"
"M1_GAGCCTGCAAATACGA-1_1","Query","B-cell","Tissue","Tissue","1","1"
"M1_GAGTGAGTCTCCAAGA-1_1","Query","B-cell","Tissue","Tissue","1","1"
"M1_GATCACAGTTACGTAC-1_1","Query","B-cell","Tissue","Tissue","1","1"
"M1_GATTCGACAGAGTGTG-1_1","Query","B-cell","Tissue","Tissue","1","1"
"M1_GATTGGTCACTCAGAT-1_1","Query","B-cell","Tissue","Tissue","1","1"
"M1_GCAACCGCATACGCAT-1_1","Query","B-cell","Tissue","Tissue","1","1"
"M1_GCACGTGCACCATAAC-1_1","Query","B-cell","Tissue","Tissue","1","1"
"M1_GCAGCCATCTAACGGT-1_1","Query","B-cell","Tissue","Tissue","1","1"
"M1_GCATCGGGTGATTCAC-1_1","Query","B-cell","Tissue","Tissue","1","1"
"M1_GCATTAGAGGCACTAG-1_1","Query","B-cell","Tissue","Tissue","1","1"
"M1_GCCATGGGTCTTGTCC-1_1","Query","B-cell","Tissue","Tissue","1","1"
"M1_GCCATTCTCCCTATTA-1_1","Query","B-cell","Tissue","Tissue","1","1"
"M1_GCCGTGAGTCGGTAAG-1_1","Query","B-cell","Tissue","Tissue","1","1"
"M1_GCTTGGGGTTAGAGTA-1_1","Query","B-cell","Tissue","Tissue","1","1"
"M1_GGAATCTAGCTCAGAG-1_1","Query","B-cell","Tissue","Tissue","1","1"
"M1_GGAATCTTCATTCACT-1_1","Query","B-cell","Tissue","Tissue","1","1"
"M1_GGAGGATCACTCAAGT-1_1","Query","B-cell","Tissue","Tissue","1","1"
"M1_GGCTTTCTCGACGACC-1_1","Query","B-cell","Tissue","Tissue","1","1"
"M1_GGGAGTAAGAAGGCTC-1_1","Query","B-cell","Tissue","Tissue","1","1"
"M1_GGGCGTTGTCTTTCAT-1_1","Query","B-cell","Tissue","Tissue","1","1"
"M1_GTACAACGTCTGTGAT-1_1","Query","B-cell","Tissue","Tissue","1","1"
"M1_GTCAAACTCTTGGATG-1_1","Query","B-cell","Tissue","Tissue","1","1"
"M1_GTCAAGTCAAATCAGA-1_1","Query","B-cell","Tissue","Tissue","1","1"
"M1_GTCACTCGTGTTAAAG-1_1","Query","B-cell","Tissue","Tissue","1","1"
"M1_GTCATGATCCAGTTCC-1_1","Query","B-cell","Tissue","Tissue","1","1"
"M1_GTCCACTCATACCACA-1_1","Query","B-cell","Tissue","Tissue","1","1"
"M1_GTGGAGAAGCGCACAA-1_1","Query","B-cell","Tissue","Tissue","1","1"
"M1_GTTGAACCACGGGTAA-1_1","Query","B-cell","Tissue","Tissue","1","1"
"M1_GTTGAACTCCGAGCTG-1_1","Query","B-cell","Tissue","Tissue","1","1"
"M1_TACGTCCAGCTTGTTG-1_1","Query","B-cell","Tissue","Tissue","1","1"
"M1_TAGACCAGTAAGTCAA-1_1","Query","B-cell","Tissue","Tissue","1","1"
"M1_TAGACTGCAAATCAGA-1_1","Query","B-cell","Tissue","Tissue","1","1"
"M1_TAGGTACTCCTACGAA-1_1","Query","B-cell","Tissue","Tissue","1","1"
"M1_TATCAGGAGTTTGCTG-1_1","Query","B-cell","Tissue","Tissue","1","1"
"M1_TATCGCCGTCGACTGC-1_1","Query","B-cell","Tissue","Tissue","1","1"
"M1_TATCTGTCAAACGGCA-1_1","Query","B-cell","Tissue","Tissue","1","1"
"M1_TCAAGCAGTAGATGTA-1_1","Query","B-cell","Tissue","Tissue","1","1"
"M1_TCAAGTGCAACGATCT-1_1","Query","B-cell","Tissue","Tissue","1","1"
"M1_TCACACCAGCCAACCC-1_1","Query","B-cell","Tissue","Tissue","1","1"
"M1_TCAGGGCCATAATCGC-1_1","Query","B-cell","Tissue","Tissue","1","1"
"M1_TCATATCAGCGCCTTG-1_1","Query","B-cell","Tissue","Tissue","1","1"
"M1_TCATATCGTGTTGATC-1_1","Query","B-cell","Tissue","Tissue","1","1"
"M1_TCCACCACAAGAATAC-1_1","Query","B-cell","Tissue","Tissue","1","1"
"M1_TCCACCACAGAGAATT-1_1","Query","B-cell","Tissue","Tissue","1","1"
"M1_TCCCAGTTCGTTGTAG-1_1","Query","B-cell","Tissue","Tissue","1","1"
"M1_TCCGAAAGTAGATGTA-1_1","Query","B-cell","Tissue","Tissue","1","1"
"M1_TCCTGCATCACAGAGG-1_1","Query","B-cell","Tissue","Tissue","1","1"
"M1_TCCTTCTCAATAGTAG-1_1","Query","B-cell","Tissue","Tissue","1","1"
"M1_TCGACCTTCTTCTAAC-1_1","Query","B-cell","Tissue","Tissue","1","1"
"M1_TCGCTCAAGCCGTTAT-1_1","Query","B-cell","Tissue","Tissue","1","1"
"M1_TCGGGCACACCAAATC-1_1","Query","B-cell","Tissue","Tissue","1","1"
"M1_TCGGTCTTCTACTGAG-1_1","Query","B-cell","Tissue","Tissue","1","1"
"M1_TCGTGCTCACTGTCGG-1_1","Query","B-cell","Tissue","Tissue","1","1"
"M1_TCTGCCAAGTGCACTT-1_1","Query","B-cell","Tissue","Tissue","1","1"
"M1_TCTTAGTGTCATGGCC-1_1","Query","B-cell","Tissue","Tissue","1","1"
"M1_TGACCCTTCGAGTCCG-1_1","Query","B-cell","Tissue","Tissue","1","1"
"M1_TGAGCGCGTGACGTCC-1_1","Query","B-cell","Tissue","Tissue","1","1"
"M1_TGATTTCAGGCTGGAT-1_1","Query","B-cell","Tissue","Tissue","1","1"
"M1_TGCAGTATCATTCCTA-1_1","Query","B-cell","Tissue","Tissue","1","1"
"M1_TGCAGTATCGATTCCC-1_1","Query","B-cell","Tissue","Tissue","1","1"
"M1_TGCATGAAGTGATGGC-1_1","Query","B-cell","Tissue","Tissue","1","1"
"M1_TGCTGAATCTTAGCTT-1_1","Query","B-cell","Tissue","Tissue","1","1"
"M1_TGCTTCGGTGAGGAAA-1_1","Query","B-cell","Tissue","Tissue","1","1"
"M1_TGGTAGTTCTGCACCT-1_1","Query","B-cell","Tissue","Tissue","1","1"
"M1_TGTCAGATCAGTGCGC-1_1","Query","B-cell","Tissue","Tissue","1","1"
"M1_TTAGGGTAGGGTTGCA-1_1","Query","B-cell","Tissue","Tissue","1","1"
"M1_TTCCACGCATAGCACT-1_1","Query","B-cell","Tissue","Tissue","1","1"
"M1_TTCCACGTCACGGGAA-1_1","Query","B-cell","Tissue","Tissue","1","1"
"M1_TTCCGTGTCACAGTGT-1_1","Query","B-cell","Tissue","Tissue","1","1"
"M1_TTCTAGTCAGACGATG-1_1","Query","B-cell","Tissue","Tissue","1","1"
"M1_TTCTTCCTCGGTGTAT-1_1","Query","B-cell","Tissue","Tissue","1","1"
"M1_TTGTTTGCACTGATTG-1_1","Query","B-cell","Tissue","Tissue","1","1"
"M1_TTTCACATCGGACGTC-1_1","Query","B-cell","Tissue","Tissue","1","1"
"M1_TTTCAGTCACTGGCCA-1_1","Query","B-cell","Tissue","Tissue","1","1"
"M1_TTTCATGCAGAGCTAG-1_1","Query","B-cell","Tissue","Tissue","1","1"
"M1_TTTGACTAGATGGTAT-1_1","Query","B-cell","Tissue","Tissue","1","1"
"M1_TTTGGAGAGTCAGAGC-1_1","Query","B-cell","Tissue","Tissue","1","1"
"pbmc8k_AAACCTGAGCATCATC-1","Query","B-cell","Blood","Blood","0","0"
"pbmc8k_AAACCTGTCCGTTGCT-1","Query","B-cell","Blood","Blood","0","0"
"pbmc8k_AAACGGGCACCTCGGA-1","Query","B-cell","Blood","Blood","0","0"
"pbmc8k_AAACGGGCAGTAAGAT-1","Query","B-cell","Blood","Blood","0","0"
"pbmc8k_AAACGGGGTACCCAAT-1","Query","B-cell","Blood","Blood","0","0"
"pbmc8k_AAAGATGGTGGTGTAG-1","Query","B-cell","Blood","Blood","0","0"
"pbmc8k_AAAGATGGTGTGACCC-1","Query","B-cell","Blood","Blood","0","0"
"pbmc8k_AAAGCAATCAGCGACC-1","Query","B-cell","Blood","Blood","0","0"
"pbmc8k_AAAGTAGAGCTACCTA-1","Query","B-cell","Blood","Blood","0","0"
"pbmc8k_AAATGCCGTACCTACA-1","Query","B-cell","Blood","Blood","0","0"
"pbmc8k_AAATGCCTCACCAGGC-1","Query","B-cell","Blood","Blood","0","0"
"pbmc8k_AACACGTAGAGGTTGC-1","Query","B-cell","Blood","Blood","0","0"
"pbmc8k_AACACGTGTTGTCTTT-1","Query","B-cell","Blood","Blood","0","0"
"pbmc8k_AACACGTTCGGTCTAA-1","Query","B-cell","Blood","Blood","0","0"
"pbmc8k_AACACGTTCTCTGAGA-1","Query","B-cell","Blood","Blood","0","0"
"pbmc8k_AACCATGAGAAGAAGC-1","Query","B-cell","Blood","Blood","0","0"
"pbmc8k_AACCATGAGGTAGCTG-1","Query","B-cell","Blood","Blood","0","0"
"pbmc8k_AACCATGTCTCGTATT-1","Query","B-cell","Blood","Blood","0","0"
"pbmc8k_AACCGCGAGAGACTTA-1","Query","B-cell","Blood","Blood","0","0"
"pbmc8k_AACCGCGGTGTCCTCT-1","Query","B-cell","Blood","Blood","0","0"
"pbmc8k_AACCGCGGTTGTGGCC-1","Query","B-cell","Blood","Blood","0","0"
"pbmc8k_AACGTTGGTCAAAGCG-1","Query","B-cell","Blood","Blood","0","0"
"pbmc8k_AACTCAGAGCAGGCTA-1","Query","B-cell","Blood","Blood","0","0"
"pbmc8k_AACTCAGCAAATCCGT-1","Query","B-cell","Blood","Blood","0","0"
"pbmc8k_AACTCAGCAAGAAAGG-1","Query","B-cell","Blood","Blood","0","0"
"pbmc8k_AACTCCCAGAAGGGTA-1","Query","B-cell","Blood","Blood","0","0"
"pbmc8k_AACTCTTGTCATATGC-1","Query","B-cell","Blood","Blood","0","0"
"pbmc8k_AACTCTTTCGGACAAG-1","Query","B-cell","Blood","Blood","0","0"
"pbmc8k_AACTGGTTCACAAACC-1","Query","B-cell","Blood","Blood","0","0"
"pbmc8k_AACTGGTTCACTTATC-1","Query","B-cell","Blood","Blood","0","0"
"pbmc8k_AACTTTCCAAGCGCTC-1","Query","B-cell","Blood","Blood","0","0"
"pbmc8k_AACTTTCCAGTCAGAG-1","Query","B-cell","Blood","Blood","0","0"
"pbmc8k_AACTTTCCAGTCAGCC-1","Query","B-cell","Blood","Blood","0","0"
"pbmc8k_AACTTTCCATCGATTG-1","Query","B-cell","Blood","Blood","0","0"
"pbmc8k_AAGACCTCACAAGACG-1","Query","B-cell","Blood","Blood","0","0"
"pbmc8k_AAGACCTTCACTTACT-1","Query","B-cell","Tissue","Blood","1","0"
"pbmc8k_AAGCCGCCACATGTGT-1","Query","B-cell","Blood","Blood","0","0"
"pbmc8k_AAGCCGCCACTGCCAG-1","Query","B-cell","Blood","Blood","0","0"
"pbmc8k_AAGCCGCTCACATAGC-1","Query","B-cell","Blood","Blood","0","0"
"pbmc8k_AAGGCAGCAAATTGCC-1","Query","B-cell","Blood","Blood","0","0"
"pbmc8k_AAGGCAGCAGTTAACC-1","Query","B-cell","Blood","Blood","0","0"
"pbmc8k_AAGGCAGCATCTCCCA-1","Query","B-cell","Blood","Blood","0","0"
"pbmc8k_AAGGTTCAGCTCTCGG-1","Query","B-cell","Blood","Blood","0","0"
"pbmc8k_AAGGTTCGTGCCTGTG-1","Query","B-cell","Blood","Blood","0","0"
"pbmc8k_AAGTCTGCATGAAGTA-1","Query","B-cell","Tissue","Blood","1","0"
"pbmc8k_AAGTCTGTCGACGGAA-1","Query","B-cell","Blood","Blood","0","0"
"pbmc8k_AATCGGTGTGGCAAAC-1","Query","B-cell","Blood","Blood","0","0"
"pbmc8k_AATCGGTGTTCGTGAT-1","Query","B-cell","Blood","Blood","0","0"
"pbmc8k_AATCGGTTCCGATATG-1","Query","B-cell","Blood","Blood","0","0"
"pbmc8k_AATCGGTTCTATCCCG-1","Query","B-cell","Blood","Blood","0","0"
"pbmc8k_ACACCAAAGTGGGCTA-1","Query","B-cell","Blood","Blood","0","0"
"pbmc8k_ACACCAACACGACGAA-1","Query","B-cell","Blood","Blood","0","0"
"pbmc8k_ACACCAATCAGTTCGA-1","Query","B-cell","Blood","Blood","0","0"
"pbmc8k_ACACCCTAGGTGCTTT-1","Query","B-cell","Blood","Blood","0","0"
"pbmc8k_ACACCCTTCGGCCGAT-1","Query","B-cell","Blood","Blood","0","0"
"pbmc8k_ACACCCTTCTCTGAGA-1","Query","B-cell","Blood","Blood","0","0"
"pbmc8k_ACACTGAAGGATATAC-1","Query","B-cell","Blood","Blood","0","0"
"pbmc8k_ACACTGAAGGGAGTAA-1","Query","B-cell","Blood","Blood","0","0"
"pbmc8k_ACACTGATCGGAAACG-1","Query","B-cell","Blood","Blood","0","0"
"pbmc8k_ACAGCCGCACTAGTAC-1","Query","B-cell","Blood","Blood","0","0"
"pbmc8k_ACAGCCGGTAGCGATG-1","Query","B-cell","Blood","Blood","0","0"
"pbmc8k_ACAGCCGGTGGACGAT-1","Query","B-cell","Blood","Blood","0","0"
"pbmc8k_ACAGCCGTCCTTGACC-1","Query","B-cell","Blood","Blood","0","0"
"pbmc8k_ACAGCCGTCGCGCCAA-1","Query","B-cell","Blood","Blood","0","0"
"pbmc8k_ACAGCCGTCGTCGTTC-1","Query","B-cell","Blood","Blood","0","0"
"pbmc8k_ACAGCTAAGGGTTCCC-1","Query","B-cell","Blood","Blood","0","0"
"pbmc8k_ACAGCTACAACGATGG-1","Query","B-cell","Blood","Blood","0","0"
"pbmc8k_ACAGCTACATGGATGG-1","Query","B-cell","Blood","Blood","0","0"
"pbmc8k_ACAGCTAGTCAGAAGC-1","Query","B-cell","Blood","Blood","0","0"
"pbmc8k_ACATACGAGAGGTTGC-1","Query","B-cell","Blood","Blood","0","0"
"pbmc8k_ACATACGAGGCTACGA-1","Query","B-cell","Blood","Blood","0","0"
"pbmc8k_ACATACGCAGTATAAG-1","Query","B-cell","Blood","Blood","0","0"
"pbmc8k_ACATACGGTAAGTGGC-1","Query","B-cell","Blood","Blood","0","0"
"pbmc8k_ACATACGGTGGCTCCA-1","Query","B-cell","Blood","Blood","0","0"
"pbmc8k_ACATACGTCATGTCCC-1","Query","B-cell","Blood","Blood","0","0"
"pbmc8k_ACATCAGCAGTATAAG-1","Query","B-cell","Blood","Blood","0","0"
"pbmc8k_ACATGGTAGAGGGATA-1","Query","B-cell","Blood","Blood","0","0"
"pbmc8k_ACATGGTAGAGTCGGT-1","Query","B-cell","Blood","Blood","0","0"
"pbmc8k_ACATGGTAGCTAGTGG-1","Query","B-cell","Blood","Blood","0","0"
"pbmc8k_ACATGGTGTTCAACCA-1","Query","B-cell","Blood","Blood","0","0"
"pbmc8k_ACATGGTTCTACCTGC-1","Query","B-cell","Blood","Blood","0","0"
"pbmc8k_ACCAGTATCCACTGGG-1","Query","B-cell","Blood","Blood","0","0"
"pbmc8k_ACCCACTCATGCGCAC-1","Query","B-cell","Blood","Blood","0","0"
"pbmc8k_ACCCACTCATGGAATA-1","Query","B-cell","Blood","Blood","0","0"
"pbmc8k_ACCCACTTCCCTGACT-1","Query","B-cell","Blood","Blood","0","0"
"pbmc8k_ACCGTAAGTATTACCG-1","Query","B-cell","Blood","Blood","0","0"
"pbmc8k_ACCTTTACACTGTGTA-1","Query","B-cell","Blood","Blood","0","0"
"pbmc8k_ACCTTTACAGTTCATG-1","Query","B-cell","Blood","Blood","0","0"
"pbmc8k_ACCTTTAGTGGTGTAG-1","Query","B-cell","Blood","Blood","0","0"
"pbmc8k_ACCTTTATCAAGGTAA-1","Query","B-cell","Blood","Blood","0","0"
"pbmc8k_ACCTTTATCCAAGCCG-1","Query","B-cell","Blood","Blood","0","0"
"pbmc8k_ACGAGCCCAGGTCTCG-1","Query","B-cell","Blood","Blood","0","0"
"pbmc8k_ACGAGCCCAGGTGCCT-1","Query","B-cell","Blood","Blood","0","0"
"pbmc8k_ACGAGGAAGTGCAAGC-1","Query","B-cell","Blood","Blood","0","0"
"pbmc8k_ACGAGGAGTGGCCCTA-1","Query","B-cell","Blood","Blood","0","0"
"pbmc8k_ACGAGGATCGAATCCA-1","Query","B-cell","Blood","Blood","0","0"
"pbmc8k_ACGATACAGCTCTCGG-1","Query","B-cell","Blood","Blood","0","0"
"pbmc8k_ACGATACGTCTACCTC-1","Query","B-cell","Blood","Blood","0","0"
"pbmc8k_ACGATACGTTCACCTC-1","Query","B-cell","Blood","Blood","0","0"
"pbmc8k_ACGATACTCCCTTGTG-1","Query","B-cell","Blood","Blood","0","0"
"pbmc8k_ACGATGTAGCGATTCT-1","Query","B-cell","Blood","Blood","0","0"
"pbmc8k_ACGATGTCAGTCTTCC-1","Query","B-cell","Blood","Blood","0","0"
"pbmc8k_ACGCAGCGTTAAAGAC-1","Query","B-cell","Blood","Blood","0","0"
"pbmc8k_ACGCAGCTCCCAAGTA-1","Query","B-cell","Blood","Blood","0","0"
"pbmc8k_ACGCAGCTCTACTCAT-1","Query","B-cell","Blood","Blood","0","0"
"pbmc8k_ACGCCAGGTTATCGGT-1","Query","B-cell","Blood","Blood","0","0"
"pbmc8k_ACGCCAGTCGCATGAT-1","Query","B-cell","Blood","Blood","0","0"
"pbmc8k_ACGCCGAGTCATCCCT-1","Query","B-cell","Blood","Blood","0","0"
"pbmc8k_ACGCCGATCAGCAACT-1","Query","B-cell","Blood","Blood","0","0"
"pbmc8k_ACGCCGATCCACGTTC-1","Query","B-cell","Blood","Blood","0","0"
"pbmc8k_ACGGAGAAGTGTTTGC-1","Query","B-cell","Blood","Blood","0","0"
"pbmc8k_ACGGAGACAGGGTATG-1","Query","B-cell","Blood","Blood","0","0"
"pbmc8k_ACGGAGAGTGATGATA-1","Query","B-cell","Blood","Blood","0","0"
"pbmc8k_ACGGAGAGTGGCTCCA-1","Query","B-cell","Blood","Blood","0","0"
"pbmc8k_ACGGAGATCCTCGCAT-1","Query","B-cell","Blood","Blood","0","0"
"pbmc8k_ACGGCCAAGCGTTCCG-1","Query","B-cell","Blood","Blood","0","0"
"pbmc8k_ACGGCCAAGGCCATAG-1","Query","B-cell","Blood","Blood","0","0"
"pbmc8k_ACGGCCATCTTCATGT-1","Query","B-cell","Blood","Blood","0","0"
"pbmc8k_ACGGGCTCACACTGCG-1","Query","B-cell","Blood","Blood","0","0"
"pbmc8k_ACGGGCTCACCAGCAC-1","Query","B-cell","Blood","Blood","0","0"
"pbmc8k_ACGGGCTGTAAACGCG-1","Query","B-cell","Blood","Blood","0","0"
"pbmc8k_ACGGGCTTCTTTACGT-1","Query","B-cell","Blood","Blood","0","0"
"pbmc8k_ACGGGTCGTTCACGGC-1","Query","B-cell","Blood","Blood","0","0"
"pbmc8k_ACGTCAAAGATGCGAC-1","Query","B-cell","Blood","Blood","0","0"
"pbmc8k_ACGTCAAAGTCCGTAT-1","Query","B-cell","Blood","Blood","0","0"
"pbmc8k_ACGTCAAGTGGAAAGA-1","Query","B-cell","Blood","Blood","0","0"
"pbmc8k_ACGTCAATCCATGAAC-1","Query","B-cell","Blood","Blood","0","0"
"pbmc8k_ACTATCTAGGAATTAC-1","Query","B-cell","Blood","Blood","0","0"
"pbmc8k_ACTATCTGTTACGGAG-1","Query","B-cell","Blood","Blood","0","0"
"pbmc8k_ACTGAACAGGGTGTGT-1","Query","B-cell","Blood","Blood","0","0"
"pbmc8k_ACTGAGTCAGCTGTTA-1","Query","B-cell","Blood","Blood","0","0"
"pbmc8k_ACTGAGTGTGACCAAG-1","Query","B-cell","Blood","Blood","0","0"
"pbmc8k_ACTGAGTGTGTATGGG-1","Query","B-cell","Blood","Blood","0","0"
"pbmc8k_ACTGATGAGGAGTCTG-1","Query","B-cell","Blood","Blood","0","0"
"pbmc8k_ACTGATGCAACTGGCC-1","Query","B-cell","Blood","Blood","0","0"
"pbmc8k_ACTGATGCAGTGACAG-1","Query","B-cell","Blood","Blood","0","0"
"pbmc8k_ACTGCTCTCGTCGTTC-1","Query","B-cell","Blood","Blood","0","0"
"pbmc8k_ACTGTCCAGTGTTGAA-1","Query","B-cell","Blood","Blood","0","0"
"pbmc8k_ACTGTCCCATAAGACA-1","Query","B-cell","Blood","Blood","0","0"
"pbmc8k_ACTTACTGTGAGCGAT-1","Query","B-cell","Blood","Blood","0","0"
"pbmc8k_ACTTACTTCAGAGGTG-1","Query","B-cell","Blood","Blood","0","0"
"pbmc8k_ACTTACTTCGTTGACA-1","Query","B-cell","Blood","Blood","0","0"
"pbmc8k_ACTTGTTCACCATCCT-1","Query","B-cell","Blood","Blood","0","0"
"pbmc8k_ACTTGTTCAGGACGTA-1","Query","B-cell","Blood","Blood","0","0"
"pbmc8k_ACTTGTTTCCTCAACC-1","Query","B-cell","Blood","Blood","0","0"
"pbmc8k_ACTTTCAAGCACCGTC-1","Query","B-cell","Blood","Blood","0","0"
"pbmc8k_ACTTTCAAGCCCAACC-1","Query","B-cell","Blood","Blood","0","0"
"pbmc8k_ACTTTCACAGACTCGC-1","Query","B-cell","Blood","Blood","0","0"
"pbmc8k_ACTTTCAGTCATGCCG-1","Query","B-cell","Blood","Blood","0","0"
"pbmc8k_AGACGTTAGTGTACCT-1","Query","B-cell","Blood","Blood","0","0"
"pbmc8k_AGACGTTTCAGTGTTG-1","Query","B-cell","Blood","Blood","0","0"
"pbmc8k_AGAGCGACATATACGC-1","Query","B-cell","Blood","Blood","0","0"
"pbmc8k_AGAGCGACATGTTCCC-1","Query","B-cell","Blood","Blood","0","0"
"pbmc8k_AGAGCTTAGAACAATC-1","Query","B-cell","Blood","Blood","0","0"
"pbmc8k_AGAGCTTTCAGAGACG-1","Query","B-cell","Blood","Blood","0","0"
"pbmc8k_AGAGCTTTCTGGAGCC-1","Query","B-cell","Blood","Blood","0","0"
"pbmc8k_AGAGTGGCAGGATCGA-1","Query","B-cell","Blood","Blood","0","0"
"pbmc8k_AGAGTGGGTACCGCTG-1","Query","B-cell","Blood","Blood","0","0"
"pbmc8k_AGATCTGAGGTACTCT-1","Query","B-cell","Blood","Blood","0","0"
"pbmc8k_AGATCTGTCAACCATG-1","Query","B-cell","Blood","Blood","0","0"
"pbmc8k_AGATTGCCACCCATTC-1","Query","B-cell","Blood","Blood","0","0"
"pbmc8k_AGATTGCCACTTAACG-1","Query","B-cell","Blood","Blood","0","0"
"pbmc8k_AGATTGCTCCTACAGA-1","Query","B-cell","Blood","Blood","0","0"
"pbmc8k_AGCAGCCCACCCATGG-1","Query","B-cell","Blood","Blood","0","0"
"pbmc8k_AGCAGCCCAGTCTTCC-1","Query","B-cell","Blood","Blood","0","0"
"pbmc8k_AGCAGCCGTTTGGCGC-1","Query","B-cell","Blood","Blood","0","0"
"pbmc8k_AGCAGCCTCACCATAG-1","Query","B-cell","Blood","Blood","0","0"
"pbmc8k_AGCATACAGACACTAA-1","Query","B-cell","Blood","Blood","0","0"
"pbmc8k_AGCATACTCACGCGGT-1","Query","B-cell","Blood","Blood","0","0"
"pbmc8k_AGCATACTCCATTCTA-1","Query","B-cell","Blood","Blood","0","0"
"pbmc8k_AGCATACTCTACTCAT-1","Query","B-cell","Blood","Blood","0","0"
"pbmc8k_AGCCTAAAGCAATCTC-1","Query","B-cell","Blood","Blood","0","0"
"pbmc8k_AGCCTAATCCCGGATG-1","Query","B-cell","Blood","Blood","0","0"
"pbmc8k_AGCGTATTCAGCTTAG-1","Query","B-cell","Blood","Blood","0","0"
"pbmc8k_AGCGTATTCGCGCCAA-1","Query","B-cell","Blood","Blood","0","0"
"pbmc8k_AGCGTCGAGTTAACGA-1","Query","B-cell","Blood","Blood","0","0"
"pbmc8k_AGCGTCGGTCCAAGTT-1","Query","B-cell","Blood","Blood","0","0"
"pbmc8k_AGCTCCTAGACTACAA-1","Query","B-cell","Blood","Blood","0","0"
"pbmc8k_AGCTCCTAGGTGACCA-1","Query","B-cell","Blood","Blood","0","0"
"pbmc8k_AGCTCCTCAATGGAGC-1","Query","B-cell","Blood","Blood","0","0"
"pbmc8k_AGCTCCTCACCTGGTG-1","Query","B-cell","Blood","Blood","0","0"
"pbmc8k_AGCTCCTTCCAGAGGA-1","Query","B-cell","Blood","Blood","0","0"
"pbmc8k_AGCTCCTTCTCAAGTG-1","Query","B-cell","Blood","Blood","0","0"
"pbmc8k_AGCTCTCGTCGAAAGC-1","Query","B-cell","Blood","Blood","0","0"
"pbmc8k_AGCTCTCTCCAGAAGG-1","Query","B-cell","Blood","Blood","0","0"
"pbmc8k_AGCTTGACAACTGCTA-1","Query","B-cell","Blood","Blood","0","0"
"pbmc8k_AGCTTGAGTTTGGCGC-1","Query","B-cell","Blood","Blood","0","0"
"pbmc8k_AGCTTGATCACCATAG-1","Query","B-cell","Blood","Blood","0","0"
"pbmc8k_AGGCCACAGGCCCTCA-1","Query","B-cell","Blood","Blood","0","0"
"pbmc8k_AGGCCACAGTTCGCAT-1","Query","B-cell","Blood","Blood","0","0"
"pbmc8k_AGGCCACGTATAAACG-1","Query","B-cell","Blood","Blood","0","0"
"pbmc8k_AGGCCACGTTATCACG-1","Query","B-cell","Blood","Blood","0","0"
"pbmc8k_AGGCCGTAGACAAAGG-1","Query","B-cell","Blood","Blood","0","0"
"pbmc8k_AGGCCGTCATATGAGA-1","Query","B-cell","Blood","Blood","0","0"
"pbmc8k_AGGCCGTTCGCAGGCT-1","Query","B-cell","Blood","Blood","0","0"
"pbmc8k_AGGGAGTGTAAATGTG-1","Query","B-cell","Blood","Blood","0","0"
"pbmc8k_AGGGAGTGTACAGTGG-1","Query","B-cell","Blood","Blood","0","0"
"pbmc8k_AGGGATGCAAGTAGTA-1","Query","B-cell","Blood","Blood","0","0"
"pbmc8k_AGGGATGGTCATATGC-1","Query","B-cell","Blood","Blood","0","0"
"pbmc8k_AGGGTGAAGAGGGCTT-1","Query","B-cell","Blood","Blood","0","0"
"pbmc8k_AGGGTGACAGTTTACG-1","Query","B-cell","Blood","Blood","0","0"
"pbmc8k_AGGGTGAGTACCGTTA-1","Query","B-cell","Blood","Blood","0","0"
"pbmc8k_AGGTCATCACATTCGA-1","Query","B-cell","Blood","Blood","0","0"
"pbmc8k_AGGTCATCATTCACTT-1","Query","B-cell","Blood","Blood","0","0"
"pbmc8k_AGGTCATTCAGAGGTG-1","Query","B-cell","Blood","Blood","0","0"
"pbmc8k_AGGTCCGAGGTACTCT-1","Query","B-cell","Blood","Blood","0","0"
"pbmc8k_AGTAGTCGTATAGTAG-1","Query","B-cell","Blood","Blood","0","0"
"pbmc8k_AGTAGTCTCACGACTA-1","Query","B-cell","Blood","Blood","0","0"
"pbmc8k_AGTCTTTGTCCAGTAT-1","Query","B-cell","Blood","Blood","0","0"
"pbmc8k_AGTCTTTTCGGTGTCG-1","Query","B-cell","Blood","Blood","0","0"
"pbmc8k_AGTCTTTTCTTACCTA-1","Query","B-cell","Blood","Blood","0","0"
"pbmc8k_AGTGAGGCAACTGCTA-1","Query","B-cell","Blood","Blood","0","0"
"pbmc8k_AGTGAGGCAAGAGGCT-1","Query","B-cell","Blood","Blood","0","0"
"pbmc8k_AGTGAGGCACCCATGG-1","Query","B-cell","Blood","Blood","0","0"
"pbmc8k_AGTGGGAAGAACAACT-1","Query","B-cell","Blood","Blood","0","0"
"pbmc8k_AGTGGGACATTCTTAC-1","Query","B-cell","Blood","Blood","0","0"
"pbmc8k_AGTGGGAGTACTCGCG-1","Query","B-cell","Blood","Blood","0","0"
"pbmc8k_AGTGTCAAGTATCTCG-1","Query","B-cell","Blood","Blood","0","0"
"pbmc8k_AGTGTCAAGTCTCGGC-1","Query","B-cell","Blood","Blood","0","0"
"pbmc8k_AGTGTCACAGCTATTG-1","Query","B-cell","Blood","Blood","0","0"
"pbmc8k_AGTGTCAGTAAGAGGA-1","Query","B-cell","Blood","Blood","0","0"
"pbmc8k_AGTGTCAGTCCTCTTG-1","Query","B-cell","Blood","Blood","0","0"
"pbmc8k_AGTGTCAGTCGCGTGT-1","Query","B-cell","Blood","Blood","0","0"
"pbmc8k_AGTGTCATCTGCGTAA-1","Query","B-cell","Blood","Blood","0","0"
"pbmc8k_AGTTGGTAGGCATGGT-1","Query","B-cell","Blood","Blood","0","0"
"pbmc8k_AGTTGGTGTCGCCATG-1","Query","B-cell","Blood","Blood","0","0"
"pbmc8k_ATAAGAGAGCGTCAAG-1","Query","B-cell","Blood","Blood","0","0"
"pbmc8k_ATAAGAGTCAGGTTCA-1","Query","B-cell","Blood","Blood","0","0"
"pbmc8k_ATAGACCAGTCCGGTC-1","Query","B-cell","Blood","Blood","0","0"
"pbmc8k_ATAGACCCAGCTGTTA-1","Query","B-cell","Blood","Blood","0","0"
"pbmc8k_ATAGACCCATATGAGA-1","Query","B-cell","Blood","Blood","0","0"
"pbmc8k_ATAGACCGTTCAACCA-1","Query","B-cell","Blood","Blood","0","0"
"pbmc8k_ATCACGAGTACCGGCT-1","Query","B-cell","Blood","Blood","0","0"
"pbmc8k_ATCACGATCTTGTTTG-1","Query","B-cell","Blood","Blood","0","0"
"pbmc8k_ATCATCTAGCCAACAG-1","Query","B-cell","Blood","Blood","0","0"
"pbmc8k_ATCATCTTCCGTACAA-1","Query","B-cell","Blood","Blood","0","0"
"pbmc8k_ATCATCTTCTCATTCA-1","Query","B-cell","Blood","Blood","0","0"
"pbmc8k_ATCATGGCACACAGAG-1","Query","B-cell","Blood","Blood","0","0"
"pbmc8k_ATCCACCCAAGTAATG-1","Query","B-cell","Blood","Blood","0","0"
"pbmc8k_ATCCGAACACAAGTAA-1","Query","B-cell","Blood","Blood","0","0"
"pbmc8k_ATCCGAATCCAGATCA-1","Query","B-cell","Blood","Blood","0","0"
"pbmc8k_ATCGAGTGTCATGCAT-1","Query","B-cell","Blood","Blood","0","0"
"pbmc8k_ATCTGCCCAGATCTGT-1","Query","B-cell","Blood","Blood","0","0"
"pbmc8k_ATCTGCCGTTGGAGGT-1","Query","B-cell","Blood","Blood","0","0"
"pbmc8k_ATGAGGGCACTCGACG-1","Query","B-cell","Blood","Blood","0","0"
"pbmc8k_ATGAGGGCATCCGGGT-1","Query","B-cell","Blood","Blood","0","0"
"pbmc8k_ATGCGATAGATCACGG-1","Query","B-cell","Blood","Blood","0","0"
"pbmc8k_ATGGGAGAGCGTTGCC-1","Query","B-cell","Blood","Blood","0","0"
"pbmc8k_ATGGGAGAGGGATGGG-1","Query","B-cell","Blood","Blood","0","0"
"pbmc8k_ATGGGAGTCAGTTAGC-1","Query","B-cell","Blood","Blood","0","0"
"pbmc8k_ATGGGAGTCCCTCTTT-1","Query","B-cell","Blood","Blood","0","0"
"pbmc8k_ATGTGTGCAGTTTACG-1","Query","B-cell","Blood","Blood","0","0"
"pbmc8k_ATGTGTGTCCGTAGTA-1","Query","B-cell","Blood","Blood","0","0"
"pbmc8k_ATTACTCAGCAAATCA-1","Query","B-cell","Blood","Blood","0","0"
"pbmc8k_ATTACTCCATTACGAC-1","Query","B-cell","Blood","Blood","0","0"
"pbmc8k_ATTACTCGTCCAGTAT-1","Query","B-cell","Blood","Blood","0","0"
"pbmc8k_ATTACTCTCCTAGTGA-1","Query","B-cell","Blood","Blood","0","0"
"pbmc8k_ATTATCCAGGCTAGGT-1","Query","B-cell","Blood","Blood","0","0"
"pbmc8k_ATTATCCCAAGTAATG-1","Query","B-cell","Blood","Blood","0","0"
"pbmc8k_ATTATCCCAGTGGAGT-1","Query","B-cell","Blood","Blood","0","0"
"pbmc8k_ATTATCCGTAGAAAGG-1","Query","B-cell","Blood","Blood","0","0"
"pbmc8k_ATTCTACAGAAGATTC-1","Query","B-cell","Blood","Blood","0","0"
"pbmc8k_ATTCTACTCTCAAACG-1","Query","B-cell","Blood","Blood","0","0"
"pbmc8k_ATTGGACAGCTAGTTC-1","Query","B-cell","Blood","Blood","0","0"
"pbmc8k_ATTGGACTCCTGCAGG-1","Query","B-cell","Blood","Blood","0","0"
"pbmc8k_ATTGGTGAGTACGACG-1","Query","B-cell","Blood","Blood","0","0"
"pbmc8k_ATTGGTGCAAAGTGCG-1","Query","B-cell","Blood","Blood","0","0"
"pbmc8k_ATTGGTGTCGCTTGTC-1","Query","B-cell","Blood","Blood","0","0"
"pbmc8k_ATTTCTGAGTATGACA-1","Query","B-cell","Blood","Blood","0","0"
"pbmc8k_ATTTCTGCATAAAGGT-1","Query","B-cell","Blood","Blood","0","0"
"pbmc8k_ATTTCTGGTCATGCCG-1","Query","B-cell","Blood","Blood","0","0"
"pbmc8k_ATTTCTGTCCCACTTG-1","Query","B-cell","Blood","Blood","0","0"
"pbmc8k_CAACCAACAGTGGGAT-1","Query","B-cell","Blood","Blood","0","0"
"pbmc8k_CAACCAACATTTGCTT-1","Query","B-cell","Blood","Blood","0","0"
"pbmc8k_CAACCTCAGGGAACGG-1","Query","B-cell","Blood","Blood","0","0"
"pbmc8k_CAACCTCCAAGCCTAT-1","Query","B-cell","Blood","Blood","0","0"
"pbmc8k_CAACCTCCAGTAACGG-1","Query","B-cell","Blood","Blood","0","0"
"pbmc8k_CAACCTCGTAGCGCAA-1","Query","B-cell","Blood","Blood","0","0"
"pbmc8k_CAACCTCTCTGCGTAA-1","Query","B-cell","Blood","Blood","0","0"
"pbmc8k_CAACTAGGTAGCACGA-1","Query","B-cell","Blood","Blood","0","0"
"pbmc8k_CAAGAAAAGAGCAATT-1","Query","B-cell","Blood","Blood","0","0"
"pbmc8k_CAAGAAACACATGTGT-1","Query","B-cell","Blood","Blood","0","0"
"pbmc8k_CAAGAAAGTTGAGTTC-1","Query","B-cell","Blood","Blood","0","0"
"pbmc8k_CAAGAAATCACGCGGT-1","Query","B-cell","Blood","Blood","0","0"
"pbmc8k_CAAGATCAGACCACGA-1","Query","B-cell","Blood","Blood","0","0"
"pbmc8k_CAAGATCAGGACTGGT-1","Query","B-cell","Blood","Blood","0","0"
"pbmc8k_CAAGATCGTTAGGGTG-1","Query","B-cell","Blood","Blood","0","0"
"pbmc8k_CAAGATCTCGCCAGCA-1","Query","B-cell","Blood","Blood","0","0"
"pbmc8k_CAAGGCCAGCAGGCTA-1","Query","B-cell","Blood","Blood","0","0"
"pbmc8k_CAAGGCCAGGGTCGAT-1","Query","B-cell","Blood","Blood","0","0"
"pbmc8k_CAAGGCCCAGCAGTTT-1","Query","B-cell","Blood","Blood","0","0"
"pbmc8k_CAAGTTGAGTGACTCT-1","Query","B-cell","Blood","Blood","0","0"
"pbmc8k_CAAGTTGAGTTAGCGG-1","Query","B-cell","Blood","Blood","0","0"
"pbmc8k_CAAGTTGCACAGCGTC-1","Query","B-cell","Blood","Blood","0","0"
"pbmc8k_CAAGTTGGTGTGCGTC-1","Query","B-cell","Blood","Blood","0","0"
"pbmc8k_CACAAACCACGCTTTC-1","Query","B-cell","Blood","Blood","0","0"
"pbmc8k_CACAAACCACTGTGTA-1","Query","B-cell","Blood","Blood","0","0"
"pbmc8k_CACACAAAGACTGTAA-1","Query","B-cell","Blood","Blood","0","0"
"pbmc8k_CACACAAGTAAGGGAA-1","Query","B-cell","Blood","Blood","0","0"
"pbmc8k_CACACAAGTAGCGATG-1","Query","B-cell","Blood","Blood","0","0"
"pbmc8k_CACACAATCGACAGCC-1","Query","B-cell","Blood","Blood","0","0"
"pbmc8k_CACACCTCAAGGTTCT-1","Query","B-cell","Blood","Blood","0","0"
"pbmc8k_CACACTCAGGTGTTAA-1","Query","B-cell","Blood","Blood","0","0"
"pbmc8k_CACACTCGTCTAGTGT-1","Query","B-cell","Blood","Blood","0","0"
"pbmc8k_CACACTCTCCTTTCTC-1","Query","B-cell","Blood","Blood","0","0"
"pbmc8k_CACAGTAGTCCCTACT-1","Query","B-cell","Blood","Blood","0","0"
"pbmc8k_CACAGTAGTCGGCATC-1","Query","B-cell","Blood","Blood","0","0"
"pbmc8k_CACATAGAGGCTAGGT-1","Query","B-cell","Blood","Blood","0","0"
"pbmc8k_CACATAGCAAGACGTG-1","Query","B-cell","Blood","Blood","0","0"
"pbmc8k_CACATAGGTCAGTGGA-1","Query","B-cell","Blood","Blood","0","0"
"pbmc8k_CACATAGTCCGCATAA-1","Query","B-cell","Blood","Blood","0","0"
"pbmc8k_CACATTTAGGGTGTGT-1","Query","B-cell","Blood","Blood","0","0"
"pbmc8k_CACATTTGTAATCACC-1","Query","B-cell","Blood","Blood","0","0"
"pbmc8k_CACCACTCATGTCCTC-1","Query","B-cell","Blood","Blood","0","0"
"pbmc8k_CACCAGGAGCCAGGAT-1","Query","B-cell","Blood","Blood","0","0"
"pbmc8k_CACCAGGCAGTCTTCC-1","Query","B-cell","Blood","Blood","0","0"
"pbmc8k_CACCAGGTCGTACCGG-1","Query","B-cell","Blood","Blood","0","0"
"pbmc8k_CACCTTGAGTGGAGAA-1","Query","B-cell","Blood","Blood","0","0"
"pbmc8k_CACCTTGCAGCTGCTG-1","Query","B-cell","Blood","Blood","0","0"
"pbmc8k_CACCTTGGTATGGTTC-1","Query","B-cell","Blood","Blood","0","0"
"pbmc8k_CACCTTGTCTCTGAGA-1","Query","B-cell","Blood","Blood","0","0"
"pbmc8k_CACTCCACATACTACG-1","Query","B-cell","Blood","Blood","0","0"
"pbmc8k_CACTCCATCTGTCAAG-1","Query","B-cell","Blood","Blood","0","0"
"pbmc8k_CAGAATCAGCGGCTTC-1","Query","B-cell","Blood","Blood","0","0"
"pbmc8k_CAGAATCCAAAGAATC-1","Query","B-cell","Blood","Blood","0","0"
"pbmc8k_CAGAATCCACTGAAGG-1","Query","B-cell","Blood","Blood","0","0"
"pbmc8k_CAGAATCGTCGTCTTC-1","Query","B-cell","Blood","Blood","0","0"
"pbmc8k_CAGAATCGTGATGCCC-1","Query","B-cell","Blood","Blood","0","0"
"pbmc8k_CAGAATCTCTGAGGGA-1","Query","B-cell","Blood","Blood","0","0"
"pbmc8k_CAGAGAGAGCGTGAGT-1","Query","B-cell","Blood","Blood","0","0"
"pbmc8k_CAGAGAGAGCTACCTA-1","Query","B-cell","Blood","Blood","0","0"
"pbmc8k_CAGAGAGTCTGGTGTA-1","Query","B-cell","Blood","Blood","0","0"
"pbmc8k_CAGATCACAAAGGTGC-1","Query","B-cell","Blood","Blood","0","0"
"pbmc8k_CAGCAGCGTTCGGCAC-1","Query","B-cell","Blood","Blood","0","0"
"pbmc8k_CAGCAGCTCAACGAAA-1","Query","B-cell","Blood","Blood","0","0"
"pbmc8k_CAGCATAAGACATAAC-1","Query","B-cell","Blood","Blood","0","0"
"pbmc8k_CAGCATACAGGTCCAC-1","Query","B-cell","Blood","Blood","0","0"
"pbmc8k_CAGCATAGTACCGCTG-1","Query","B-cell","Blood","Blood","0","0"
"pbmc8k_CAGCATATCAGTGCAT-1","Query","B-cell","Blood","Blood","0","0"
"pbmc8k_CAGCCGATCATCGGAT-1","Query","B-cell","Blood","Blood","0","0"
"pbmc8k_CAGCGACAGTCAAGGC-1","Query","B-cell","Blood","Blood","0","0"
"pbmc8k_CAGCGACCAGCTCGAC-1","Query","B-cell","Blood","Blood","0","0"
"pbmc8k_CAGCGACGTCCGTCAG-1","Query","B-cell","Blood","Blood","0","0"
"pbmc8k_CAGCTAACAAGTAGTA-1","Query","B-cell","Blood","Blood","0","0"
"pbmc8k_CAGCTAACACTTCTGC-1","Query","B-cell","Blood","Blood","0","0"
"pbmc8k_CAGCTAAGTCCTAGCG-1","Query","B-cell","Blood","Blood","0","0"
"pbmc8k_CAGCTGGAGAAACCTA-1","Query","B-cell","Blood","Blood","0","0"
"pbmc8k_CAGGTGCAGAGGGCTT-1","Query","B-cell","Blood","Blood","0","0"
"pbmc8k_CAGTAACAGGCCCTCA-1","Query","B-cell","Blood","Blood","0","0"
"pbmc8k_CAGTCCTAGAAGGACA-1","Query","B-cell","Blood","Blood","0","0"
"pbmc8k_CATATGGAGTCACGCC-1","Query","B-cell","Blood","Blood","0","0"
"pbmc8k_CATATGGAGTGCCAGA-1","Query","B-cell","Blood","Blood","0","0"
"pbmc8k_CATATGGCACGGCCAT-1","Query","B-cell","Blood","Blood","0","0"
"pbmc8k_CATATGGGTGAGCGAT-1","Query","B-cell","Blood","Blood","0","0"
"pbmc8k_CATATGGTCAGGCGAA-1","Query","B-cell","Blood","Blood","0","0"
"pbmc8k_CATATTCAGGTGATTA-1","Query","B-cell","Blood","Blood","0","0"
"pbmc8k_CATATTCGTTGTCGCG-1","Query","B-cell","Blood","Blood","0","0"
"pbmc8k_CATATTCTCACAATGC-1","Query","B-cell","Blood","Blood","0","0"
"pbmc8k_CATCAAGAGATATACG-1","Query","B-cell","Blood","Blood","0","0"
"pbmc8k_CATCAAGAGTCCATAC-1","Query","B-cell","Blood","Blood","0","0"
"pbmc8k_CATCAAGGTCGACTGC-1","Query","B-cell","Blood","Blood","0","0"
"pbmc8k_CATCAAGGTTGACGTT-1","Query","B-cell","Blood","Blood","0","0"
"pbmc8k_CATCAGACAGATAATG-1","Query","B-cell","Blood","Blood","0","0"
"pbmc8k_CATCAGAGTAACGACG-1","Query","B-cell","Blood","Blood","0","0"
"pbmc8k_CATCAGAGTAGGGACT-1","Query","B-cell","Blood","Blood","0","0"
"pbmc8k_CATCCACGTCGCTTCT-1","Query","B-cell","Blood","Blood","0","0"
"pbmc8k_CATCGAAGTGGCGAAT-1","Query","B-cell","Blood","Blood","0","0"
"pbmc8k_CATCGGGAGATAGCAT-1","Query","B-cell","Blood","Blood","0","0"
"pbmc8k_CATCGGGAGGCGCTCT-1","Query","B-cell","Blood","Blood","0","0"
"pbmc8k_CATCGGGTCACATGCA-1","Query","B-cell","Blood","Blood","0","0"
"pbmc8k_CATGACAGTTCCATGA-1","Query","B-cell","Blood","Blood","0","0"
"pbmc8k_CATGACATCAGCAACT-1","Query","B-cell","Blood","Blood","0","0"
"pbmc8k_CATGACATCTGTCTCG-1","Query","B-cell","Blood","Blood","0","0"
"pbmc8k_CATGCCTCACTATCTT-1","Query","B-cell","Blood","Blood","0","0"
"pbmc8k_CATGCCTGTACCAGTT-1","Query","B-cell","Blood","Blood","0","0"
"pbmc8k_CATGCCTTCAGCTCGG-1","Query","B-cell","Blood","Blood","0","0"
"pbmc8k_CATGCCTTCGATAGAA-1","Query","B-cell","Blood","Blood","0","0"
"pbmc8k_CATGGCGCACACGCTG-1","Query","B-cell","Blood","Blood","0","0"
"pbmc8k_CATGGCGTCACGGTTA-1","Query","B-cell","Blood","Blood","0","0"
"pbmc8k_CATTATCAGGTGTGGT-1","Query","B-cell","Blood","Blood","0","0"
"pbmc8k_CATTATCCACGGATAG-1","Query","B-cell","Blood","Blood","0","0"
"pbmc8k_CATTATCCATCTACGA-1","Query","B-cell","Blood","Blood","0","0"
"pbmc8k_CATTCGCTCAGAGGTG-1","Query","B-cell","Blood","Blood","0","0"
"pbmc8k_CATTCGCTCGAACGGA-1","Query","B-cell","Blood","Blood","0","0"
"pbmc8k_CATTCGCTCGCTTAGA-1","Query","B-cell","Blood","Blood","0","0"
"pbmc8k_CATTCGCTCTCGCTTG-1","Query","B-cell","Blood","Blood","0","0"
"pbmc8k_CCAATCCAGAAACCAT-1","Query","B-cell","Blood","Blood","0","0"
"pbmc8k_CCAATCCGTTCCCGAG-1","Query","B-cell","Blood","Blood","0","0"
"pbmc8k_CCAATCCTCAACGAAA-1","Query","B-cell","Blood","Blood","0","0"
"pbmc8k_CCACCTAAGCTTATCG-1","Query","B-cell","Blood","Blood","0","0"
"pbmc8k_CCACCTAAGTATCGAA-1","Query","B-cell","Blood","Blood","0","0"
"pbmc8k_CCACGGAAGCCGGTAA-1","Query","B-cell","Blood","Blood","0","0"
"pbmc8k_CCACGGAGTAAATGTG-1","Query","B-cell","Blood","Blood","0","0"
"pbmc8k_CCACGGAGTCTCTTTA-1","Query","B-cell","Blood","Blood","0","0"
"pbmc8k_CCAGCGAGTATAGGGC-1","Query","B-cell","Blood","Blood","0","0"
"pbmc8k_CCATGTCCATGCCCGA-1","Query","B-cell","Blood","Blood","0","0"
"pbmc8k_CCATTCGTCCACTGGG-1","Query","B-cell","Blood","Blood","0","0"
"pbmc8k_CCATTCGTCGCGGATC-1","Query","B-cell","Blood","Blood","0","0"
"pbmc8k_CCCAATCAGATCACGG-1","Query","B-cell","Blood","Blood","0","0"
"pbmc8k_CCCAATCCAAGAAGAG-1","Query","B-cell","Blood","Blood","0","0"
"pbmc8k_CCCAATCGTCACACGC-1","Query","B-cell","Blood","Blood","0","0"
"pbmc8k_CCCAATCTCGCGTTTC-1","Query","B-cell","Blood","Blood","0","0"
"pbmc8k_CCCAGTTCAAGAGGCT-1","Query","B-cell","Blood","Blood","0","0"
"pbmc8k_CCCAGTTCAATAGCAA-1","Query","B-cell","Blood","Blood","0","0"
"pbmc8k_CCCATACCACCTGGTG-1","Query","B-cell","Blood","Blood","0","0"
"pbmc8k_CCCATACCACGAGAGT-1","Query","B-cell","Blood","Blood","0","0"
"pbmc8k_CCCTCCTAGACCCACC-1","Query","B-cell","Blood","Blood","0","0"
"pbmc8k_CCCTCCTCAGATCCAT-1","Query","B-cell","Blood","Blood","0","0"
"pbmc8k_CCCTCCTCATTTCAGG-1","Query","B-cell","Blood","Blood","0","0"
"pbmc8k_CCCTCCTGTAATAGCA-1","Query","B-cell","Blood","Blood","0","0"
"pbmc8k_CCGGGATGTGATGATA-1","Query","B-cell","Blood","Blood","0","0"
"pbmc8k_CCGGGATGTTACTGAC-1","Query","B-cell","Blood","Blood","0","0"
"pbmc8k_CCGGGATTCAACGAAA-1","Query","B-cell","Blood","Blood","0","0"
"pbmc8k_CCGGGATTCATAGCAC-1","Query","B-cell","Blood","Blood","0","0"
"pbmc8k_CCGGTAGAGCTCCTCT-1","Query","B-cell","Blood","Blood","0","0"
"pbmc8k_CCGGTAGGTAACGTTC-1","Query","B-cell","Blood","Blood","0","0"
"pbmc8k_CCGGTAGGTTGAGTTC-1","Query","B-cell","Blood","Blood","0","0"
"pbmc8k_CCGGTAGTCGAGCCCA-1","Query","B-cell","Blood","Blood","0","0"
"pbmc8k_CCGGTAGTCGTCTGAA-1","Query","B-cell","Blood","Blood","0","0"
"pbmc8k_CCGTACTCAGTCAGCC-1","Query","B-cell","Blood","Blood","0","0"
"pbmc8k_CCGTACTGTAAATACG-1","Query","B-cell","Blood","Blood","0","0"
"pbmc8k_CCGTACTGTCGGGTCT-1","Query","B-cell","Blood","Blood","0","0"
"pbmc8k_CCGTGGAGTCTAGCGC-1","Query","B-cell","Blood","Blood","0","0"
"pbmc8k_CCGTTCAAGGCTCAGA-1","Query","B-cell","Blood","Blood","0","0"
"pbmc8k_CCGTTCAGTGCGCTTG-1","Query","B-cell","Blood","Blood","0","0"
"pbmc8k_CCGTTCATCCATGAAC-1","Query","B-cell","Blood","Blood","0","0"
"pbmc8k_CCGTTCATCGGTCTAA-1","Query","B-cell","Blood","Blood","0","0"
"pbmc8k_CCTAAAGCACACAGAG-1","Query","B-cell","Blood","Blood","0","0"
"pbmc8k_CCTAAAGTCTGAGTGT-1","Query","B-cell","Blood","Blood","0","0"
"pbmc8k_CCTACACAGAATTCCC-1","Query","B-cell","Blood","Blood","0","0"
"pbmc8k_CCTACACCATCTCCCA-1","Query","B-cell","Blood","Blood","0","0"
"pbmc8k_CCTAGCTAGCTTCGCG-1","Query","B-cell","Blood","Blood","0","0"
"pbmc8k_CCTAGCTCATGCGCAC-1","Query","B-cell","Blood","Blood","0","0"
"pbmc8k_CCTAGCTGTTTGGCGC-1","Query","B-cell","Blood","Blood","0","0"
"pbmc8k_CCTATTAGTGACAAAT-1","Query","B-cell","Blood","Blood","0","0"
"pbmc8k_CCTCAGTGTACATCCA-1","Query","B-cell","Blood","Blood","0","0"
"pbmc8k_CCTCTGACATGGAATA-1","Query","B-cell","Blood","Blood","0","0"
"pbmc8k_CCTTACGAGCAACGGT-1","Query","B-cell","Blood","Blood","0","0"
"pbmc8k_CCTTACGGTCAATACC-1","Query","B-cell","Blood","Blood","0","0"
"pbmc8k_CCTTCCCAGCTGAACG-1","Query","B-cell","Blood","Blood","0","0"
"pbmc8k_CCTTCCCAGGCAATTA-1","Query","B-cell","Blood","Blood","0","0"
"pbmc8k_CCTTCCCCATAGGATA-1","Query","B-cell","Blood","Blood","0","0"
"pbmc8k_CCTTCGAAGAGCTGCA-1","Query","B-cell","Blood","Blood","0","0"
"pbmc8k_CCTTCGAGTAAGTAGT-1","Query","B-cell","Blood","Blood","0","0"
"pbmc8k_CGAACATCATCATCCC-1","Query","B-cell","Blood","Blood","0","0"
"pbmc8k_CGAACATGTAAGTTCC-1","Query","B-cell","Blood","Blood","0","0"
"pbmc8k_CGAACATTCAACACAC-1","Query","B-cell","Blood","Blood","0","0"
"pbmc8k_CGAACATTCTTACCTA-1","Query","B-cell","Blood","Blood","0","0"
"pbmc8k_CGAATGTTCAACGAAA-1","Query","B-cell","Blood","Blood","0","0"
"pbmc8k_CGAATGTTCCGAGCCA-1","Query","B-cell","Blood","Blood","0","0"
"pbmc8k_CGACCTTCAGCGATCC-1","Query","B-cell","Blood","Blood","0","0"
"pbmc8k_CGACTTCCATACTCTT-1","Query","B-cell","Blood","Blood","0","0"
"pbmc8k_CGACTTCTCGGAAACG-1","Query","B-cell","Blood","Blood","0","0"
"pbmc8k_CGAGAAGAGGTACTCT-1","Query","B-cell","Blood","Blood","0","0"
"pbmc8k_CGAGAAGCAGTAAGCG-1","Query","B-cell","Blood","Blood","0","0"
"pbmc8k_CGAGAAGGTACCCAAT-1","Query","B-cell","Blood","Blood","0","0"
"pbmc8k_CGAGAAGGTGTTTGGT-1","Query","B-cell","Blood","Blood","0","0"
"pbmc8k_CGAGCACCAACTTGAC-1","Query","B-cell","Blood","Blood","0","0"
"pbmc8k_CGAGCACCACGGTAAG-1","Query","B-cell","Blood","Blood","0","0"
"pbmc8k_CGAGCACGTGCACCAC-1","Query","B-cell","Blood","Blood","0","0"
"pbmc8k_CGAGCCAAGATAGTCA-1","Query","B-cell","Blood","Blood","0","0"
"pbmc8k_CGAGCCACACCCTATC-1","Query","B-cell","Blood","Blood","0","0"
"pbmc8k_CGAGCCACAGGAACGT-1","Query","B-cell","Blood","Blood","0","0"
"pbmc8k_CGAGCCACATGAACCT-1","Query","B-cell","Blood","Blood","0","0"
"pbmc8k_CGAGCCAGTAAGTGGC-1","Query","B-cell","Blood","Blood","0","0"
"pbmc8k_CGAGCCATCACGATGT-1","Query","B-cell","Blood","Blood","0","0"
"pbmc8k_CGATCGGCACAAGACG-1","Query","B-cell","Blood","Blood","0","0"
"pbmc8k_CGATCGGCACATCCAA-1","Query","B-cell","Blood","Blood","0","0"
"pbmc8k_CGATCGGCATTGGTAC-1","Query","B-cell","Blood","Blood","0","0"
"pbmc8k_CGATGGCAGGAATCGC-1","Query","B-cell","Blood","Blood","0","0"
"pbmc8k_CGATGGCAGGTAGCCA-1","Query","B-cell","Blood","Blood","0","0"
"pbmc8k_CGATGGCCACAGACTT-1","Query","B-cell","Blood","Blood","0","0"
"pbmc8k_CGATGGCCACGAAAGC-1","Query","B-cell","Blood","Blood","0","0"
"pbmc8k_CGATGTAAGAAACCAT-1","Query","B-cell","Blood","Blood","0","0"
"pbmc8k_CGATGTAAGCTAGTGG-1","Query","B-cell","Blood","Blood","0","0"
"pbmc8k_CGATTGAAGCGTAGTG-1","Query","B-cell","Blood","Blood","0","0"
"pbmc8k_CGATTGAGTAAACCTC-1","Query","B-cell","Blood","Blood","0","0"
"pbmc8k_CGATTGAGTACAGTGG-1","Query","B-cell","Blood","Blood","0","0"
"pbmc8k_CGATTGAGTGACAAAT-1","Query","B-cell","Blood","Blood","0","0"
"pbmc8k_CGCCAAGAGCTAGTCT-1","Query","B-cell","Blood","Blood","0","0"
"pbmc8k_CGCCAAGCATATGGTC-1","Query","B-cell","Blood","Blood","0","0"
"pbmc8k_CGCCAAGCATTAGGCT-1","Query","B-cell","Blood","Blood","0","0"
"pbmc8k_CGCCAAGTCAGCGATT-1","Query","B-cell","Blood","Blood","0","0"
"pbmc8k_CGCCAAGTCGGTCTAA-1","Query","B-cell","Blood","Blood","0","0"
"pbmc8k_CGCGTTTCATGTAAGA-1","Query","B-cell","Blood","Blood","0","0"
"pbmc8k_CGCTATCAGTACCGGA-1","Query","B-cell","Blood","Blood","0","0"
"pbmc8k_CGCTATCGTCAGAGGT-1","Query","B-cell","Blood","Blood","0","0"
"pbmc8k_CGCTGGACATATGGTC-1","Query","B-cell","Blood","Blood","0","0"
"pbmc8k_CGCTTCAGTCCGCTGA-1","Query","B-cell","Blood","Blood","0","0"
"pbmc8k_CGGACACAGAACTGTA-1","Query","B-cell","Blood","Blood","0","0"
"pbmc8k_CGGACGTTCACAATGC-1","Query","B-cell","Blood","Blood","0","0"
"pbmc8k_CGGAGCTAGAATTCCC-1","Query","B-cell","Blood","Blood","0","0"
"pbmc8k_CGGAGCTGTAGCGATG-1","Query","B-cell","Blood","Blood","0","0"
"pbmc8k_CGGAGCTGTATATGGA-1","Query","B-cell","Blood","Blood","0","0"
"pbmc8k_CGGAGCTGTCTCAACA-1","Query","B-cell","Blood","Blood","0","0"
"pbmc8k_CGGAGCTGTTACCAGT-1","Query","B-cell","Blood","Blood","0","0"
"pbmc8k_CGGAGTCCAAGCCGCT-1","Query","B-cell","Blood","Blood","0","0"
"pbmc8k_CGGCTAGAGACGCAAC-1","Query","B-cell","Blood","Blood","0","0"
"pbmc8k_CGGCTAGAGCAATATG-1","Query","B-cell","Blood","Blood","0","0"
"pbmc8k_CGGCTAGAGTGATCGG-1","Query","B-cell","Blood","Blood","0","0"
"pbmc8k_CGGCTAGGTACGCTGC-1","Query","B-cell","Blood","Blood","0","0"
"pbmc8k_CGGGTCAAGAGAGCTC-1","Query","B-cell","Blood","Blood","0","0"
"pbmc8k_CGGGTCAAGTATCGAA-1","Query","B-cell","Blood","Blood","0","0"
"pbmc8k_CGGGTCAAGTATCTCG-1","Query","B-cell","Blood","Blood","0","0"
"pbmc8k_CGGGTCAGTTCATGGT-1","Query","B-cell","Blood","Blood","0","0"
"pbmc8k_CGGTTAAAGCGATTCT-1","Query","B-cell","Blood","Blood","0","0"
"pbmc8k_CGGTTAAAGTAAGTAC-1","Query","B-cell","Blood","Blood","0","0"
"pbmc8k_CGGTTAATCGAGCCCA-1","Query","B-cell","Blood","Blood","0","0"
"pbmc8k_CGTAGCGCAGGCTCAC-1","Query","B-cell","Blood","Blood","0","0"
"pbmc8k_CGTCACTAGGAGTAGA-1","Query","B-cell","Blood","Blood","0","0"
"pbmc8k_CGTCACTCAGCTTCGG-1","Query","B-cell","Blood","Blood","0","0"
"pbmc8k_CGTCACTGTGGCGAAT-1","Query","B-cell","Blood","Blood","0","0"
"pbmc8k_CGTCACTTCGGTTCGG-1","Query","B-cell","Blood","Blood","0","0"
"pbmc8k_CGTCAGGAGGACAGCT-1","Query","B-cell","Blood","Blood","0","0"
"pbmc8k_CGTCCATTCTGCTTGC-1","Query","B-cell","Blood","Blood","0","0"
"pbmc8k_CGTCTACTCGCGTAGC-1","Query","B-cell","Blood","Blood","0","0"
"pbmc8k_CGTGAGCAGCCGGTAA-1","Query","B-cell","Blood","Blood","0","0"
"pbmc8k_CGTGAGCCACGCCAGT-1","Query","B-cell","Blood","Blood","0","0"
"pbmc8k_CGTGTAAAGCAGGTCA-1","Query","B-cell","Blood","Blood","0","0"
"pbmc8k_CGTGTAACAATGAATG-1","Query","B-cell","Blood","Blood","0","0"
"pbmc8k_CGTGTAACACAGGAGT-1","Query","B-cell","Blood","Blood","0","0"
"pbmc8k_CGTGTCTCAAAGGAAG-1","Query","B-cell","Blood","Blood","0","0"
"pbmc8k_CGTGTCTCACCGAAAG-1","Query","B-cell","Blood","Blood","0","0"
"pbmc8k_CGTGTCTCAGCGATCC-1","Query","B-cell","Blood","Blood","0","0"
"pbmc8k_CGTGTCTTCATCGATG-1","Query","B-cell","Blood","Blood","0","0"
"pbmc8k_CGTTAGACATTCTCAT-1","Query","B-cell","Blood","Blood","0","0"
"pbmc8k_CGTTCTGGTACAGTGG-1","Query","B-cell","Blood","Blood","0","0"
"pbmc8k_CGTTCTGGTCGTTGTA-1","Query","B-cell","Blood","Blood","0","0"
"pbmc8k_CGTTCTGGTTGCTCCT-1","Query","B-cell","Blood","Blood","0","0"
"pbmc8k_CGTTGGGAGCTCTCGG-1","Query","B-cell","Blood","Blood","0","0"
"pbmc8k_CGTTGGGCAACACGCC-1","Query","B-cell","Blood","Blood","0","0"
"pbmc8k_CGTTGGGCAATGGAAT-1","Query","B-cell","Blood","Blood","0","0"
"pbmc8k_CGTTGGGGTTCAGTAC-1","Query","B-cell","Blood","Blood","0","0"
"pbmc8k_CTAACTTCAGATGAGC-1","Query","B-cell","Blood","Blood","0","0"
"pbmc8k_CTAACTTCATGAAGTA-1","Query","B-cell","Blood","Blood","0","0"
"pbmc8k_CTAATGGAGTACGTTC-1","Query","B-cell","Blood","Blood","0","0"
"pbmc8k_CTAATGGCAATGAAAC-1","Query","B-cell","Blood","Blood","0","0"
"pbmc8k_CTAATGGCACGACTCG-1","Query","B-cell","Blood","Blood","0","0"
"pbmc8k_CTAATGGTCGACAGCC-1","Query","B-cell","Blood","Blood","0","0"
"pbmc8k_CTACACCAGAGCTGCA-1","Query","B-cell","Blood","Blood","0","0"
"pbmc8k_CTACACCGTGTGCGTC-1","Query","B-cell","Blood","Blood","0","0"
"pbmc8k_CTACACCTCTTATCTG-1","Query","B-cell","Blood","Blood","0","0"
"pbmc8k_CTACATTAGCCCGAAA-1","Query","B-cell","Blood","Blood","0","0"
"pbmc8k_CTACATTCACCCAGTG-1","Query","B-cell","Blood","Blood","0","0"
"pbmc8k_CTACATTGTAATAGCA-1","Query","B-cell","Blood","Blood","0","0"
"pbmc8k_CTACATTGTCTAGAGG-1","Query","B-cell","Blood","Blood","0","0"
"pbmc8k_CTACATTGTTACGCGC-1","Query","B-cell","Blood","Blood","0","0"
"pbmc8k_CTACATTGTTCGGCAC-1","Query","B-cell","Blood","Blood","0","0"
"pbmc8k_CTACCCAAGCCAGTAG-1","Query","B-cell","Blood","Blood","0","0"
"pbmc8k_CTACCCAGTTTAGGAA-1","Query","B-cell","Blood","Blood","0","0"
"pbmc8k_CTAGAGTGTCATGCAT-1","Query","B-cell","Blood","Blood","0","0"
"pbmc8k_CTAGCCTAGAGTAAGG-1","Query","B-cell","Blood","Blood","0","0"
"pbmc8k_CTAGCCTAGCGATATA-1","Query","B-cell","Blood","Blood","0","0"
"pbmc8k_CTAGCCTAGCTTCGCG-1","Query","B-cell","Blood","Blood","0","0"
"pbmc8k_CTAGCCTTCGATCCCT-1","Query","B-cell","Blood","Blood","0","0"
"pbmc8k_CTAGTGACACGAAGCA-1","Query","B-cell","Blood","Blood","0","0"
"pbmc8k_CTCAGAAAGGTGCACA-1","Query","B-cell","Blood","Blood","0","0"
"pbmc8k_CTCAGAAAGTCATGCT-1","Query","B-cell","Blood","Blood","0","0"
"pbmc8k_CTCAGAACAAATACAG-1","Query","B-cell","Blood","Blood","0","0"
"pbmc8k_CTCAGAATCCGTTGTC-1","Query","B-cell","Blood","Blood","0","0"
"pbmc8k_CTCATTACACGGCTAC-1","Query","B-cell","Blood","Blood","0","0"
"pbmc8k_CTCATTACAGCTGTGC-1","Query","B-cell","Blood","Blood","0","0"
"pbmc8k_CTCATTATCTTCGGTC-1","Query","B-cell","Blood","Blood","0","0"
"pbmc8k_CTCCTAGAGTGGTAGC-1","Query","B-cell","Blood","Blood","0","0"
"pbmc8k_CTCGAAACACTGTGTA-1","Query","B-cell","Blood","Blood","0","0"
"pbmc8k_CTCGAAAGTAGAGCTG-1","Query","B-cell","Blood","Blood","0","0"
"pbmc8k_CTCGAAAGTGCTTCTC-1","Query","B-cell","Blood","Blood","0","0"
"pbmc8k_CTCGAAAGTGGCTCCA-1","Query","B-cell","Blood","Blood","0","0"
"pbmc8k_CTCGAAAGTTGGAGGT-1","Query","B-cell","Blood","Blood","0","0"
"pbmc8k_CTCGAAATCAGTACGT-1","Query","B-cell","Blood","Blood","0","0"
"pbmc8k_CTCGAGGAGAGGTTGC-1","Query","B-cell","Blood","Blood","0","0"
"pbmc8k_CTCGAGGAGTGTCTCA-1","Query","B-cell","Blood","Blood","0","0"
"pbmc8k_CTCGAGGTCCTGTACC-1","Query","B-cell","Blood","Blood","0","0"
"pbmc8k_CTCGGAGTCGGCGCAT-1","Query","B-cell","Blood","Blood","0","0"
"pbmc8k_CTCGGGAAGTGCGATG-1","Query","B-cell","Blood","Blood","0","0"
"pbmc8k_CTCGGGACATTCCTCG-1","Query","B-cell","Blood","Blood","0","0"
"pbmc8k_CTCGGGAGTCGAGTTT-1","Query","B-cell","Blood","Blood","0","0"
"pbmc8k_CTCGGGATCCATGAGT-1","Query","B-cell","Blood","Blood","0","0"
"pbmc8k_CTCGGGATCTGTGCAA-1","Query","B-cell","Blood","Blood","0","0"
"pbmc8k_CTCGTACAGTTCGCGC-1","Query","B-cell","Blood","Blood","0","0"
"pbmc8k_CTCGTACCAACGATCT-1","Query","B-cell","Blood","Blood","0","0"
"pbmc8k_CTCGTACGTAGCGTCC-1","Query","B-cell","Blood","Blood","0","0"
"pbmc8k_CTCGTACGTCCGAACC-1","Query","B-cell","Blood","Blood","0","0"
"pbmc8k_CTCGTACGTTAAGTAG-1","Query","B-cell","Blood","Blood","0","0"
"pbmc8k_CTCGTCAAGGAACTGC-1","Query","B-cell","Blood","Blood","0","0"
"pbmc8k_CTCGTCAGTCAAACTC-1","Query","B-cell","Blood","Blood","0","0"
"pbmc8k_CTCGTCAGTCTTTCAT-1","Query","B-cell","Blood","Blood","0","0"
"pbmc8k_CTCGTCATCCCTGACT-1","Query","B-cell","Blood","Blood","0","0"
"pbmc8k_CTCTAATAGTGGAGAA-1","Query","B-cell","Blood","Blood","0","0"
"pbmc8k_CTCTAATCACACGCTG-1","Query","B-cell","Blood","Blood","0","0"
"pbmc8k_CTCTAATCATCGGAAG-1","Query","B-cell","Blood","Blood","0","0"
"pbmc8k_CTCTAATGTCAATGTC-1","Query","B-cell","Blood","Blood","0","0"
"pbmc8k_CTCTAATGTTTGTTGG-1","Query","B-cell","Blood","Blood","0","0"
"pbmc8k_CTCTACGGTGGTAACG-1","Query","B-cell","Blood","Blood","0","0"
"pbmc8k_CTCTGGTAGCTCCTTC-1","Query","B-cell","Blood","Blood","0","0"
"pbmc8k_CTCTGGTCATGGTCAT-1","Query","B-cell","Blood","Blood","0","0"
"pbmc8k_CTCTGGTGTAAGTAGT-1","Query","B-cell","Blood","Blood","0","0"
"pbmc8k_CTCTGGTTCCACGACG-1","Query","B-cell","Blood","Blood","0","0"
"pbmc8k_CTGAAACCAAACAACA-1","Query","B-cell","Blood","Blood","0","0"
"pbmc8k_CTGAAACTCCCTTGCA-1","Query","B-cell","Blood","Blood","0","0"
"pbmc8k_CTGATAGAGCGCCTCA-1","Query","B-cell","Blood","Blood","0","0"
"pbmc8k_CTGATAGGTCATGCAT-1","Query","B-cell","Blood","Blood","0","0"
"pbmc8k_CTGATCCGTGAGCGAT-1","Query","B-cell","Blood","Blood","0","0"
"pbmc8k_CTGATCCGTTTCCACC-1","Query","B-cell","Blood","Blood","0","0"
"pbmc8k_CTGATCCTCAAACGGG-1","Query","B-cell","Blood","Blood","0","0"
"pbmc8k_CTGCCTACAAAGGCGT-1","Query","B-cell","Blood","Blood","0","0"
"pbmc8k_CTGCCTAGTAGCACGA-1","Query","B-cell","Blood","Blood","0","0"
"pbmc8k_CTGCCTATCCTTGGTC-1","Query","B-cell","Blood","Blood","0","0"
"pbmc8k_CTGCGGACATGCGCAC-1","Query","B-cell","Blood","Blood","0","0"
"pbmc8k_CTGCTGTCAGATCGGA-1","Query","B-cell","Blood","Blood","0","0"
"pbmc8k_CTGGTCTAGGTGGGTT-1","Query","B-cell","Blood","Blood","0","0"
"pbmc8k_CTGGTCTAGTGGGCTA-1","Query","B-cell","Blood","Blood","0","0"
"pbmc8k_CTGGTCTGTTCCAACA-1","Query","B-cell","Blood","Blood","0","0"
"pbmc8k_CTGTTTAAGGGTCGAT-1","Query","B-cell","Blood","Blood","0","0"
"pbmc8k_CTGTTTAAGTCACGCC-1","Query","B-cell","Blood","Blood","0","0"
"pbmc8k_CTGTTTAGTCAAAGCG-1","Query","B-cell","Blood","Blood","0","0"
"pbmc8k_CTGTTTAGTTATCACG-1","Query","B-cell","Blood","Blood","0","0"
"pbmc8k_CTTAACTGTCGACTGC-1","Query","B-cell","Blood","Blood","0","0"
"pbmc8k_CTTAACTTCACGCGGT-1","Query","B-cell","Blood","Blood","0","0"
"pbmc8k_CTTAACTTCCAGTATG-1","Query","B-cell","Blood","Blood","0","0"
"pbmc8k_CTTACCGAGCGTAGTG-1","Query","B-cell","Blood","Blood","0","0"
"pbmc8k_CTTACCGTCCTTTCTC-1","Query","B-cell","Blood","Blood","0","0"
"pbmc8k_CTTAGGATCTCCCTGA-1","Query","B-cell","Blood","Blood","0","0"
"pbmc8k_CTTCTCTAGGCATTGG-1","Query","B-cell","Blood","Blood","0","0"
"pbmc8k_CTTCTCTCAGATGGCA-1","Query","B-cell","Blood","Blood","0","0"
"pbmc8k_CTTCTCTGTACCGTTA-1","Query","B-cell","Blood","Blood","0","0"
"pbmc8k_CTTCTCTGTCAGATAA-1","Query","B-cell","Blood","Blood","0","0"
"pbmc8k_CTTCTCTTCCAAATGC-1","Query","B-cell","Blood","Blood","0","0"
"pbmc8k_CTTGGCTCAGGCTCAC-1","Query","B-cell","Blood","Blood","0","0"
"pbmc8k_CTTGGCTGTGGCCCTA-1","Query","B-cell","Blood","Blood","0","0"
"pbmc8k_CTTGGCTTCAGAGCTT-1","Query","B-cell","Blood","Blood","0","0"
"pbmc8k_CTTGGCTTCATTTGGG-1","Query","B-cell","Blood","Blood","0","0"
"pbmc8k_CTTTGCGAGCCCAATT-1","Query","B-cell","Blood","Blood","0","0"
"pbmc8k_CTTTGCGAGCCTATGT-1","Query","B-cell","Blood","Blood","0","0"
"pbmc8k_CTTTGCGAGTGTGAAT-1","Query","B-cell","Blood","Blood","0","0"
"pbmc8k_CTTTGCGTCACTCTTA-1","Query","B-cell","Blood","Blood","0","0"
"pbmc8k_CTTTGCGTCATCTGCC-1","Query","B-cell","Blood","Blood","0","0"
"pbmc8k_CTTTGCGTCCGTCAAA-1","Query","B-cell","Blood","Blood","0","0"
"pbmc8k_GAAACTCGTTGTCTTT-1","Query","B-cell","Blood","Blood","0","0"
"pbmc8k_GAAACTCTCACTATTC-1","Query","B-cell","Blood","Blood","0","0"
"pbmc8k_GAAACTCTCTTATCTG-1","Query","B-cell","Blood","Blood","0","0"
"pbmc8k_GAAATGACACTGAAGG-1","Query","B-cell","Blood","Blood","0","0"
"pbmc8k_GAAATGAGTATAATGG-1","Query","B-cell","Blood","Blood","0","0"
"pbmc8k_GAACATCCAACTGCGC-1","Query","B-cell","Blood","Blood","0","0"
"pbmc8k_GAACATCGTAGCAAAT-1","Query","B-cell","Blood","Blood","0","0"
"pbmc8k_GAACATCGTAGCGATG-1","Query","B-cell","Blood","Blood","0","0"
"pbmc8k_GAACATCGTGGCGAAT-1","Query","B-cell","Blood","Blood","0","0"
"pbmc8k_GAACGGAGTTAGATGA-1","Query","B-cell","Blood","Blood","0","0"
"pbmc8k_GAATAAGAGGCATTGG-1","Query","B-cell","Blood","Blood","0","0"
"pbmc8k_GAATAAGAGTCCATAC-1","Query","B-cell","Blood","Blood","0","0"
"pbmc8k_GAATAAGCACGTGAGA-1","Query","B-cell","Blood","Blood","0","0"
"pbmc8k_GAATAAGGTGAAGGCT-1","Query","B-cell","Blood","Blood","0","0"
"pbmc8k_GAATAAGTCATGTCCC-1","Query","B-cell","Blood","Blood","0","0"
"pbmc8k_GAATGAACACACCGAC-1","Query","B-cell","Blood","Blood","0","0"
"pbmc8k_GAATGAACACACTGCG-1","Query","B-cell","Blood","Blood","0","0"
"pbmc8k_GAATGAACAGGGTACA-1","Query","B-cell","Blood","Blood","0","0"
"pbmc8k_GAATGAATCAGCATGT-1","Query","B-cell","Blood","Blood","0","0"
"pbmc8k_GAATGAATCTGCGACG-1","Query","B-cell","Blood","Blood","0","0"
"pbmc8k_GAATGAATCTGTCTCG-1","Query","B-cell","Blood","Blood","0","0"
"pbmc8k_GACACGCAGTACTTGC-1","Query","B-cell","Blood","Blood","0","0"
"pbmc8k_GACAGAGCAGCCTGTG-1","Query","B-cell","Blood","Blood","0","0"
"pbmc8k_GACAGAGGTCTAAAGA-1","Query","B-cell","Blood","Blood","0","0"
"pbmc8k_GACCAATAGTACGTTC-1","Query","B-cell","Blood","Blood","0","0"
"pbmc8k_GACCAATCATCGGGTC-1","Query","B-cell","Blood","Blood","0","0"
"pbmc8k_GACCAATTCTCTGTCG-1","Query","B-cell","Tissue","Blood","1","0"
"pbmc8k_GACCTGGCAGGGAGAG-1","Query","B-cell","Blood","Blood","0","0"
"pbmc8k_GACGCGTCACAACTGT-1","Query","B-cell","Blood","Blood","0","0"
"pbmc8k_GACGCGTGTAGCGATG-1","Query","B-cell","Blood","Blood","0","0"
"pbmc8k_GACGGCTCATTGGTAC-1","Query","B-cell","Blood","Blood","0","0"
"pbmc8k_GACGGCTGTGGACGAT-1","Query","B-cell","Blood","Blood","0","0"
"pbmc8k_GACGTGCCAGGATTGG-1","Query","B-cell","Blood","Blood","0","0"
"pbmc8k_GACGTTAAGTCATGCT-1","Query","B-cell","Blood","Blood","0","0"
"pbmc8k_GACGTTAGTACCGGCT-1","Query","B-cell","Blood","Blood","0","0"
"pbmc8k_GACGTTAGTCCTGCTT-1","Query","B-cell","Blood","Blood","0","0"
"pbmc8k_GACTAACCAATCTGCA-1","Query","B-cell","Blood","Blood","0","0"
"pbmc8k_GACTAACGTCTAAAGA-1","Query","B-cell","Blood","Blood","0","0"
"pbmc8k_GACTAACTCTAACGGT-1","Query","B-cell","Blood","Blood","0","0"
"pbmc8k_GACTGCGAGACTAAGT-1","Query","B-cell","Blood","Blood","0","0"
"pbmc8k_GACTGCGAGTTGCAGG-1","Query","B-cell","Blood","Blood","0","0"
"pbmc8k_GACTGCGCAATGGAGC-1","Query","B-cell","Blood","Blood","0","0"
"pbmc8k_GAGCAGAAGAGCCCAA-1","Query","B-cell","Blood","Blood","0","0"
"pbmc8k_GAGCAGAGTATAATGG-1","Query","B-cell","Blood","Blood","0","0"
"pbmc8k_GAGCAGAGTCCGAAGA-1","Query","B-cell","Blood","Blood","0","0"
"pbmc8k_GAGGTGACAAGGACTG-1","Query","B-cell","Blood","Blood","0","0"
"pbmc8k_GAGGTGAGTACCGAGA-1","Query","B-cell","Blood","Blood","0","0"
"pbmc8k_GAGGTGATCCTGTAGA-1","Query","B-cell","Blood","Blood","0","0"
"pbmc8k_GAGTCCGCATTAGCCA-1","Query","B-cell","Blood","Blood","0","0"
"pbmc8k_GAGTCCGTCATGCATG-1","Query","B-cell","Blood","Blood","0","0"
"pbmc8k_GATCAGTCAAGGTTTC-1","Query","B-cell","Blood","Blood","0","0"
"pbmc8k_GATCAGTCATTCTCAT-1","Query","B-cell","Blood","Blood","0","0"
"pbmc8k_GATCGATCAACTGGCC-1","Query","B-cell","Blood","Blood","0","0"
"pbmc8k_GATCGATCACAGAGGT-1","Query","B-cell","Blood","Blood","0","0"
"pbmc8k_GATCGCGAGACCGGAT-1","Query","B-cell","Blood","Blood","0","0"
"pbmc8k_GATCGCGAGGTAAACT-1","Query","B-cell","Blood","Blood","0","0"
"pbmc8k_GATCGCGGTGAAAGAG-1","Query","B-cell","Blood","Blood","0","0"
"pbmc8k_GATCGCGTCCGGGTGT-1","Query","B-cell","Blood","Blood","0","0"
"pbmc8k_GATCGTACACCGAAAG-1","Query","B-cell","Blood","Blood","0","0"
"pbmc8k_GATCGTAGTCTAACGT-1","Query","B-cell","Blood","Blood","0","0"
"pbmc8k_GATCTAGAGCAAATCA-1","Query","B-cell","Blood","Blood","0","0"
"pbmc8k_GATCTAGCAAGCCGCT-1","Query","B-cell","Blood","Blood","0","0"
"pbmc8k_GATCTAGCATTGGCGC-1","Query","B-cell","Blood","Blood","0","0"
"pbmc8k_GATCTAGGTAAGTTCC-1","Query","B-cell","Blood","Blood","0","0"
"pbmc8k_GATGCTAAGGCTATCT-1","Query","B-cell","Blood","Blood","0","0"
"pbmc8k_GATGCTAAGTCGCCGT-1","Query","B-cell","Blood","Blood","0","0"
"pbmc8k_GATGCTACAACCGCCA-1","Query","B-cell","Blood","Blood","0","0"
"pbmc8k_GATTCAGCACAGGCCT-1","Query","B-cell","Blood","Blood","0","0"
"pbmc8k_GATTCAGGTCTCACCT-1","Query","B-cell","Blood","Blood","0","0"
"pbmc8k_GATTCAGGTCTTCTCG-1","Query","B-cell","Blood","Blood","0","0"
"pbmc8k_GATTCAGTCAGTGCAT-1","Query","B-cell","Blood","Blood","0","0"
"pbmc8k_GCAAACTCACATGTGT-1","Query","B-cell","Blood","Blood","0","0"
"pbmc8k_GCAAACTGTAAAGTCA-1","Query","B-cell","Blood","Blood","0","0"
"pbmc8k_GCAAACTTCGATGAGG-1","Query","B-cell","Blood","Blood","0","0"
"pbmc8k_GCAATCAAGGCCATAG-1","Query","B-cell","Blood","Blood","0","0"
"pbmc8k_GCAATCAGTATTACCG-1","Query","B-cell","Blood","Blood","0","0"
"pbmc8k_GCAATCAGTCACTGGC-1","Query","B-cell","Blood","Blood","0","0"
"pbmc8k_GCAATCAGTCTAACGT-1","Query","B-cell","Blood","Blood","0","0"
"pbmc8k_GCAATCATCGTAGATC-1","Query","B-cell","Blood","Blood","0","0"
"pbmc8k_GCACTCTTCCTGCTTG-1","Query","B-cell","Blood","Blood","0","0"
"pbmc8k_GCAGCCACAAAGAATC-1","Query","B-cell","Blood","Blood","0","0"
"pbmc8k_GCAGTTACAAGAGTCG-1","Query","B-cell","Blood","Blood","0","0"
"pbmc8k_GCAGTTATCAACCATG-1","Query","B-cell","Blood","Blood","0","0"
"pbmc8k_GCATACATCCGGCACA-1","Query","B-cell","Blood","Blood","0","0"
"pbmc8k_GCATGATAGTTGTCGT-1","Query","B-cell","Blood","Blood","0","0"
"pbmc8k_GCATGATCAGGTCCAC-1","Query","B-cell","Tissue","Blood","1","0"
"pbmc8k_GCATGCGAGGATGCGT-1","Query","B-cell","Blood","Blood","0","0"
"pbmc8k_GCATGCGCATGTCTCC-1","Query","B-cell","Blood","Blood","0","0"
"pbmc8k_GCATGCGGTTATGCGT-1","Query","B-cell","Blood","Blood","0","0"
"pbmc8k_GCATGCGTCCACGTGG-1","Query","B-cell","Blood","Blood","0","0"
"pbmc8k_GCATGCGTCTTAACCT-1","Query","B-cell","Blood","Blood","0","0"
"pbmc8k_GCATGCGTCTTTACGT-1","Query","B-cell","Blood","Blood","0","0"
"pbmc8k_GCCAAATCAAGTTAAG-1","Query","B-cell","Blood","Blood","0","0"
"pbmc8k_GCCTCTAAGCTAGTTC-1","Query","B-cell","Blood","Blood","0","0"
"pbmc8k_GCCTCTAAGTGGGATC-1","Query","B-cell","Blood","Blood","0","0"
"pbmc8k_GCCTCTACATCTCCCA-1","Query","B-cell","Blood","Blood","0","0"
"pbmc8k_GCCTCTATCCCTGACT-1","Query","B-cell","Blood","Blood","0","0"
"pbmc8k_GCGACCAGTCCGAACC-1","Query","B-cell","Blood","Blood","0","0"
"pbmc8k_GCGAGAACACCTCGGA-1","Query","B-cell","Blood","Blood","0","0"
"pbmc8k_GCGAGAATCGTTTATC-1","Query","B-cell","Blood","Blood","0","0"
"pbmc8k_GCGCAACCATCCGGGT-1","Query","B-cell","Blood","Blood","0","0"
"pbmc8k_GCGCAACGTCGCGGTT-1","Query","B-cell","Blood","Blood","0","0"
"pbmc8k_GCGCAGTAGTCCGGTC-1","Query","B-cell","Blood","Blood","0","0"
"pbmc8k_GCGCAGTCAATCGGTT-1","Query","B-cell","Blood","Blood","0","0"
"pbmc8k_GCGCAGTCACTTGGAT-1","Query","B-cell","Blood","Blood","0","0"
"pbmc8k_GCGCAGTCATTTGCTT-1","Query","B-cell","Blood","Blood","0","0"
"pbmc8k_GCGCAGTGTAATCGTC-1","Query","B-cell","Blood","Blood","0","0"
"pbmc8k_GCGCAGTGTCCGTTAA-1","Query","B-cell","Blood","Blood","0","0"
"pbmc8k_GCGCAGTTCGAGGTAG-1","Query","B-cell","Blood","Blood","0","0"
"pbmc8k_GCGCCAAAGTGTCCAT-1","Query","B-cell","Blood","Blood","0","0"
"pbmc8k_GCGCCAACAACTTGAC-1","Query","B-cell","Blood","Blood","0","0"
"pbmc8k_GCGCCAACACCAGTTA-1","Query","B-cell","Blood","Blood","0","0"
"pbmc8k_GCGCCAACATAGACTC-1","Query","B-cell","Blood","Blood","0","0"
"pbmc8k_GCGCCAACATCTACGA-1","Query","B-cell","Blood","Blood","0","0"
"pbmc8k_GCGGGTTGTGTCAATC-1","Query","B-cell","Blood","Blood","0","0"
"pbmc8k_GCTCCTAAGCTGTCTA-1","Query","B-cell","Blood","Blood","0","0"
"pbmc8k_GCTCCTAAGGACAGAA-1","Query","B-cell","Blood","Blood","0","0"
"pbmc8k_GCTCTGTAGAAGGGTA-1","Query","B-cell","Blood","Blood","0","0"
"pbmc8k_GCTCTGTCATTTCAGG-1","Query","B-cell","Blood","Blood","0","0"
"pbmc8k_GCTCTGTTCAGTTAGC-1","Query","B-cell","Blood","Blood","0","0"
"pbmc8k_GCTGCAGAGCCAGGAT-1","Query","B-cell","Blood","Blood","0","0"
"pbmc8k_GCTGCAGAGTACACCT-1","Query","B-cell","Blood","Blood","0","0"
"pbmc8k_GCTGCAGCAAAGTCAA-1","Query","B-cell","Blood","Blood","0","0"
"pbmc8k_GCTGCAGCATATACGC-1","Query","B-cell","Blood","Blood","0","0"
"pbmc8k_GCTGCGATCCAGGGCT-1","Query","B-cell","Blood","Blood","0","0"
"pbmc8k_GCTGCTTCAAGTCATC-1","Query","B-cell","Blood","Blood","0","0"
"pbmc8k_GCTGCTTGTACAGACG-1","Query","B-cell","Blood","Blood","0","0"
"pbmc8k_GCTGGGTAGCTAGTCT-1","Query","B-cell","Blood","Blood","0","0"
"pbmc8k_GCTGGGTCAATGTTGC-1","Query","B-cell","Blood","Blood","0","0"
"pbmc8k_GCTGGGTCATTGTGCA-1","Query","B-cell","Blood","Blood","0","0"
"pbmc8k_GCTGGGTGTCGGCATC-1","Query","B-cell","Blood","Blood","0","0"
"pbmc8k_GCTGGGTTCCTTGGTC-1","Query","B-cell","Blood","Blood","0","0"
"pbmc8k_GCTGGGTTCTCACATT-1","Query","B-cell","Blood","Blood","0","0"
"pbmc8k_GCTTCCAAGAATAGGG-1","Query","B-cell","Blood","Blood","0","0"
"pbmc8k_GCTTCCAAGTGACTCT-1","Query","B-cell","Blood","Blood","0","0"
"pbmc8k_GCTTCCACAAGCCGCT-1","Query","B-cell","Blood","Blood","0","0"
"pbmc8k_GCTTCCAGTGACAAAT-1","Query","B-cell","Blood","Blood","0","0"
"pbmc8k_GCTTGAAAGCGTTGCC-1","Query","B-cell","Blood","Blood","0","0"
"pbmc8k_GCTTGAAAGGTGATTA-1","Query","B-cell","Blood","Blood","0","0"
"pbmc8k_GCTTGAACACTTGGAT-1","Query","B-cell","Blood","Blood","0","0"
"pbmc8k_GCTTGAAGTGGTAACG-1","Query","B-cell","Blood","Blood","0","0"
"pbmc8k_GCTTGAAGTTTAAGCC-1","Query","B-cell","Blood","Blood","0","0"
"pbmc8k_GGAAAGCAGCCGTCGT-1","Query","B-cell","Blood","Blood","0","0"
"pbmc8k_GGAAAGCGTCTAGCCG-1","Query","B-cell","Blood","Blood","0","0"
"pbmc8k_GGAACTTGTACAGCAG-1","Query","B-cell","Blood","Blood","0","0"
"pbmc8k_GGAACTTTCAATCTCT-1","Query","B-cell","Blood","Blood","0","0"
"pbmc8k_GGAATAACACTCAGGC-1","Query","B-cell","Blood","Blood","0","0"
"pbmc8k_GGAATAACAGCATACT-1","Query","B-cell","Blood","Blood","0","0"
"pbmc8k_GGAATAAGTACGCTGC-1","Query","B-cell","Blood","Blood","0","0"
"pbmc8k_GGAATAAGTAGTACCT-1","Query","B-cell","Blood","Blood","0","0"
"pbmc8k_GGAATAATCAACGAAA-1","Query","B-cell","Blood","Blood","0","0"
"pbmc8k_GGACAAGCACGTTGGC-1","Query","B-cell","Blood","Blood","0","0"
"pbmc8k_GGACAAGGTTCGCTAA-1","Query","B-cell","Blood","Blood","0","0"
"pbmc8k_GGACAGAAGACAGACC-1","Query","B-cell","Blood","Blood","0","0"
"pbmc8k_GGACAGAAGGTAGCCA-1","Query","B-cell","Blood","Blood","0","0"
"pbmc8k_GGACAGATCCAAAGTC-1","Query","B-cell","Blood","Blood","0","0"
"pbmc8k_GGACATTAGTTGTAGA-1","Query","B-cell","Blood","Blood","0","0"
"pbmc8k_GGACATTCACCATCCT-1","Query","B-cell","Blood","Blood","0","0"
"pbmc8k_GGACATTGTCTCAACA-1","Query","B-cell","Blood","Blood","0","0"
"pbmc8k_GGACATTTCATTCACT-1","Query","B-cell","Blood","Blood","0","0"
"pbmc8k_GGACGTCCAAGGACTG-1","Query","B-cell","Blood","Blood","0","0"
"pbmc8k_GGACGTCCACAGACAG-1","Query","B-cell","Blood","Blood","0","0"
"pbmc8k_GGACGTCCAGCGAACA-1","Query","B-cell","Blood","Blood","0","0"
"pbmc8k_GGACGTCGTTCCACGG-1","Query","B-cell","Blood","Blood","0","0"
"pbmc8k_GGATGTTTCCATGAAC-1","Query","B-cell","Blood","Blood","0","0"
"pbmc8k_GGATTACAGCCAACAG-1","Query","B-cell","Blood","Blood","0","0"
"pbmc8k_GGCAATTCACGGCGTT-1","Query","B-cell","Blood","Blood","0","0"
"pbmc8k_GGCAATTGTCGTCTTC-1","Query","B-cell","Blood","Blood","0","0"
"pbmc8k_GGCAATTTCACCCGAG-1","Query","B-cell","Blood","Blood","0","0"
"pbmc8k_GGCAATTTCGTTGCCT-1","Query","B-cell","Blood","Blood","0","0"
"pbmc8k_GGCAATTTCTCGATGA-1","Query","B-cell","Blood","Blood","0","0"
"pbmc8k_GGCCGATAGCAATATG-1","Query","B-cell","Blood","Blood","0","0"
"pbmc8k_GGCCGATCAGTGGGAT-1","Query","B-cell","Blood","Blood","0","0"
"pbmc8k_GGCCGATGTTATTCTC-1","Query","B-cell","Blood","Blood","0","0"
"pbmc8k_GGCCGATTCCTTGGTC-1","Query","B-cell","Blood","Blood","0","0"
"pbmc8k_GGCGACTGTACGCACC-1","Query","B-cell","Blood","Blood","0","0"
"pbmc8k_GGCGACTGTCCGAAGA-1","Query","B-cell","Blood","Blood","0","0"
"pbmc8k_GGCGACTTCAGCTCTC-1","Query","B-cell","Blood","Blood","0","0"
"pbmc8k_GGCGACTTCGCGGATC-1","Query","B-cell","Blood","Blood","0","0"
"pbmc8k_GGCGTGTCATTGGCGC-1","Query","B-cell","Blood","Blood","0","0"
"pbmc8k_GGCGTGTGTAAACGCG-1","Query","B-cell","Blood","Blood","0","0"
"pbmc8k_GGCGTGTTCTCGGACG-1","Query","B-cell","Blood","Blood","0","0"
"pbmc8k_GGCTCGAAGTTATCGC-1","Query","B-cell","Blood","Blood","0","0"
"pbmc8k_GGCTCGACACATTCGA-1","Query","B-cell","Blood","Blood","0","0"
"pbmc8k_GGCTCGACAGTCGATT-1","Query","B-cell","Blood","Blood","0","0"
"pbmc8k_GGCTCGAGTACAAGTA-1","Query","B-cell","Blood","Blood","0","0"
"pbmc8k_GGCTCGATCTCTGCTG-1","Query","B-cell","Blood","Blood","0","0"
"pbmc8k_GGCTGGTGTACAAGTA-1","Query","B-cell","Blood","Blood","0","0"
"pbmc8k_GGGAATGAGCCTATGT-1","Query","B-cell","Blood","Blood","0","0"
"pbmc8k_GGGACCTGTCTAGCGC-1","Query","B-cell","Blood","Blood","0","0"
"pbmc8k_GGGACCTGTCTCCATC-1","Query","B-cell","Blood","Blood","0","0"
"pbmc8k_GGGAGATAGTGGTCCC-1","Query","B-cell","Blood","Blood","0","0"
"pbmc8k_GGGATGAGTAGGGACT-1","Query","B-cell","Blood","Blood","0","0"
"pbmc8k_GGGATGATCGCTAGCG-1","Query","B-cell","Blood","Blood","0","0"
"pbmc8k_GGGCACTCATGCAACT-1","Query","B-cell","Blood","Blood","0","0"
"pbmc8k_GGGCACTCATGCTGGC-1","Query","B-cell","Blood","Blood","0","0"
"pbmc8k_GGGCACTGTGACCAAG-1","Query","B-cell","Blood","Blood","0","0"
"pbmc8k_GGGCACTGTGCAGTAG-1","Query","B-cell","Blood","Blood","0","0"
"pbmc8k_GGGCACTGTGGAAAGA-1","Query","B-cell","Blood","Blood","0","0"
"pbmc8k_GGGCACTTCCTTGACC-1","Query","B-cell","Blood","Blood","0","0"
"pbmc8k_GGGCATCAGGTGACCA-1","Query","B-cell","Blood","Blood","0","0"
"pbmc8k_GGGCATCGTCTCACCT-1","Query","B-cell","Blood","Blood","0","0"
"pbmc8k_GGGCATCGTTCAGGCC-1","Query","B-cell","Blood","Blood","0","0"
"pbmc8k_GGGTCTGCAAGAGGCT-1","Query","B-cell","Blood","Blood","0","0"
"pbmc8k_GGGTCTGGTAGCGCAA-1","Query","B-cell","Blood","Blood","0","0"
"pbmc8k_GGGTCTGGTCTGATCA-1","Query","B-cell","Blood","Blood","0","0"
"pbmc8k_GGGTCTGGTGATAAAC-1","Query","B-cell","Blood","Blood","0","0"
"pbmc8k_GGGTCTGGTTACGCGC-1","Query","B-cell","Blood","Blood","0","0"
"pbmc8k_GGGTCTGTCCCAAGAT-1","Query","B-cell","Blood","Blood","0","0"
"pbmc8k_GGGTCTGTCGAATGGG-1","Query","B-cell","Blood","Blood","0","0"
"pbmc8k_GGGTCTGTCGAGAACG-1","Query","B-cell","Blood","Blood","0","0"
"pbmc8k_GGGTCTGTCTTACCTA-1","Query","B-cell","Blood","Blood","0","0"
"pbmc8k_GGGTTGCGTAGAAAGG-1","Query","B-cell","Blood","Blood","0","0"
"pbmc8k_GGGTTGCTCACCGGGT-1","Query","B-cell","Blood","Blood","0","0"
"pbmc8k_GGTATTGAGGTACTCT-1","Query","B-cell","Blood","Blood","0","0"
"pbmc8k_GGTATTGAGTGGGTTG-1","Query","B-cell","Blood","Blood","0","0"
"pbmc8k_GGTATTGGTGGTCTCG-1","Query","B-cell","Blood","Blood","0","0"
"pbmc8k_GGTGAAGAGTTACCCA-1","Query","B-cell","Blood","Blood","0","0"
"pbmc8k_GGTGAAGTCCACTCCA-1","Query","B-cell","Blood","Blood","0","0"
"pbmc8k_GGTGAAGTCCGTCATC-1","Query","B-cell","Blood","Blood","0","0"
"pbmc8k_GGTGCGTCACTCGACG-1","Query","B-cell","Blood","Blood","0","0"
"pbmc8k_GGTGCGTGTCTCAACA-1","Query","B-cell","Blood","Blood","0","0"
"pbmc8k_GGTGCGTTCACATGCA-1","Query","B-cell","Blood","Blood","0","0"
"pbmc8k_GGTGTTAAGCCACGTC-1","Query","B-cell","Blood","Blood","0","0"
"pbmc8k_GGTGTTAGTACAGACG-1","Query","B-cell","Blood","Blood","0","0"
"pbmc8k_GTAACGTGTCTTGATG-1","Query","B-cell","Blood","Blood","0","0"
"pbmc8k_GTAACGTGTGTGACGA-1","Query","B-cell","Blood","Blood","0","0"
"pbmc8k_GTAACTGAGAGCTATA-1","Query","B-cell","Blood","Blood","0","0"
"pbmc8k_GTAACTGCAAGGTTTC-1","Query","B-cell","Blood","Blood","0","0"
"pbmc8k_GTAACTGCACCAGGCT-1","Query","B-cell","Blood","Blood","0","0"
"pbmc8k_GTAACTGCATTCCTCG-1","Query","B-cell","Blood","Blood","0","0"
"pbmc8k_GTACGTAGTTGGTGGA-1","Query","B-cell","Blood","Blood","0","0"
"pbmc8k_GTACTCCCATCAGTAC-1","Query","B-cell","Blood","Blood","0","0"
"pbmc8k_GTACTCCTCTGAGGGA-1","Query","B-cell","Blood","Blood","0","0"
"pbmc8k_GTACTTTAGCGCCTCA-1","Query","B-cell","Blood","Blood","0","0"
"pbmc8k_GTACTTTAGCGCTTAT-1","Query","B-cell","Blood","Blood","0","0"
"pbmc8k_GTAGGCCGTATAGGGC-1","Query","B-cell","Blood","Blood","0","0"
"pbmc8k_GTAGGCCGTTCACCTC-1","Query","B-cell","Blood","Blood","0","0"
"pbmc8k_GTAGGCCTCTATCCTA-1","Query","B-cell","Blood","Blood","0","0"
"pbmc8k_GTAGTCAAGGGCATGT-1","Query","B-cell","Blood","Blood","0","0"
"pbmc8k_GTAGTCAGTAAAGTCA-1","Query","B-cell","Blood","Blood","0","0"
"pbmc8k_GTAGTCAGTACGACCC-1","Query","B-cell","Blood","Blood","0","0"
"pbmc8k_GTAGTCATCTTGCAAG-1","Query","B-cell","Blood","Blood","0","0"
"pbmc8k_GTATCTTAGTATCTCG-1","Query","B-cell","Blood","Blood","0","0"
"pbmc8k_GTATCTTCAGTGACAG-1","Query","B-cell","Blood","Blood","0","0"
"pbmc8k_GTATCTTGTCACTGGC-1","Query","B-cell","Blood","Blood","0","0"
"pbmc8k_GTATCTTGTGAACCTT-1","Query","B-cell","Blood","Blood","0","0"
"pbmc8k_GTATTCTTCAGTGCAT-1","Query","B-cell","Blood","Blood","0","0"
"pbmc8k_GTCAAGTAGGCAATTA-1","Query","B-cell","Blood","Blood","0","0"
"pbmc8k_GTCAAGTAGGGCTCTC-1","Query","B-cell","Blood","Blood","0","0"
"pbmc8k_GTCAAGTTCTTCGAGA-1","Query","B-cell","Blood","Blood","0","0"
"pbmc8k_GTCACAAGTAGATTAG-1","Query","B-cell","Blood","Blood","0","0"
"pbmc8k_GTCACAAGTGTTGAGG-1","Query","B-cell","Blood","Blood","0","0"
"pbmc8k_GTCACAAGTTGAACTC-1","Query","B-cell","Blood","Blood","0","0"
"pbmc8k_GTCACGGAGTACGACG-1","Query","B-cell","Blood","Blood","0","0"
"pbmc8k_GTCACGGGTGCGGTAA-1","Query","B-cell","Blood","Blood","0","0"
"pbmc8k_GTCATTTTCCACGTGG-1","Query","B-cell","Blood","Blood","0","0"
"pbmc8k_GTCCTCAAGACGACGT-1","Query","B-cell","Blood","Blood","0","0"
"pbmc8k_GTCCTCAAGCTAGGCA-1","Query","B-cell","Blood","Blood","0","0"
"pbmc8k_GTCCTCACACAGGCCT-1","Query","B-cell","Blood","Blood","0","0"
"pbmc8k_GTCCTCACAGGTCCAC-1","Query","B-cell","Blood","Blood","0","0"
"pbmc8k_GTCCTCAGTCTCAACA-1","Query","B-cell","Blood","Blood","0","0"
"pbmc8k_GTCCTCATCAGTTGAC-1","Query","B-cell","Blood","Blood","0","0"
"pbmc8k_GTCGGGTCAAACAACA-1","Query","B-cell","Blood","Blood","0","0"
"pbmc8k_GTCGGGTCATATACCG-1","Query","B-cell","Blood","Blood","0","0"
"pbmc8k_GTCGGGTGTTGAGTTC-1","Query","B-cell","Blood","Blood","0","0"
"pbmc8k_GTCGGGTTCGCTAGCG-1","Query","B-cell","Blood","Blood","0","0"
"pbmc8k_GTCGTAAAGCCACCTG-1","Query","B-cell","Blood","Blood","0","0"
"pbmc8k_GTCGTAACAAGCTGTT-1","Query","B-cell","Blood","Blood","0","0"
"pbmc8k_GTCGTAACATACTACG-1","Query","B-cell","Blood","Blood","0","0"
"pbmc8k_GTCTCGTAGTGGGTTG-1","Query","B-cell","Blood","Blood","0","0"
"pbmc8k_GTCTCGTGTCTCGTTC-1","Query","B-cell","Blood","Blood","0","0"
"pbmc8k_GTCTCGTGTCTGATTG-1","Query","B-cell","Blood","Blood","0","0"
"pbmc8k_GTCTCGTTCTGTTTGT-1","Query","B-cell","Blood","Blood","0","0"
"pbmc8k_GTCTTCGAGCAGCCTC-1","Query","B-cell","Blood","Blood","0","0"
"pbmc8k_GTCTTCGGTAGAGCTG-1","Query","B-cell","Blood","Blood","0","0"
"pbmc8k_GTCTTCGTCAGTACGT-1","Query","B-cell","Blood","Blood","0","0"
"pbmc8k_GTGAAGGAGCCCAACC-1","Query","B-cell","Blood","Blood","0","0"
"pbmc8k_GTGAAGGCATTGTGCA-1","Query","B-cell","Blood","Blood","0","0"
"pbmc8k_GTGAAGGTCTGTCTCG-1","Query","B-cell","Blood","Blood","0","0"
"pbmc8k_GTGCAGCAGCGATCCC-1","Query","B-cell","Blood","Blood","0","0"
"pbmc8k_GTGCATAAGGAATCGC-1","Query","B-cell","Blood","Blood","0","0"
"pbmc8k_GTGCATATCGTATCAG-1","Query","B-cell","Blood","Blood","0","0"
"pbmc8k_GTGCTTCGTGTTTGGT-1","Query","B-cell","Blood","Blood","0","0"
"pbmc8k_GTGCTTCTCAAGCCTA-1","Query","B-cell","Blood","Blood","0","0"
"pbmc8k_GTGGGTCAGGCGTACA-1","Query","B-cell","Blood","Blood","0","0"
"pbmc8k_GTGGGTCTCATATCGG-1","Query","B-cell","Blood","Blood","0","0"
"pbmc8k_GTGTGCGAGTTTCCTT-1","Query","B-cell","Blood","Blood","0","0"
"pbmc8k_GTGTGCGGTACCGCTG-1","Query","B-cell","Blood","Blood","0","0"
"pbmc8k_GTGTGCGGTCTCCACT-1","Query","B-cell","Blood","Blood","0","0"
"pbmc8k_GTGTTAGTCTTGAGAC-1","Query","B-cell","Blood","Blood","0","0"
"pbmc8k_GTTAAGCGTATATGAG-1","Query","B-cell","Blood","Blood","0","0"
"pbmc8k_GTTACAGAGCAATATG-1","Query","B-cell","Blood","Blood","0","0"
"pbmc8k_GTTACAGGTAACGACG-1","Query","B-cell","Blood","Blood","0","0"
"pbmc8k_GTTACAGGTCCAAGTT-1","Query","B-cell","Blood","Blood","0","0"
"pbmc8k_GTTCATTAGGGAAACA-1","Query","B-cell","Blood","Blood","0","0"
"pbmc8k_GTTCATTGTCTTCAAG-1","Query","B-cell","Blood","Blood","0","0"
"pbmc8k_GTTCGGGAGGAGTTGC-1","Query","B-cell","Blood","Blood","0","0"
"pbmc8k_GTTCGGGAGTAAGTAC-1","Query","B-cell","Blood","Blood","0","0"
"pbmc8k_GTTCGGGTCAGTTAGC-1","Query","B-cell","Blood","Blood","0","0"
"pbmc8k_GTTCTCGGTGAACCTT-1","Query","B-cell","Blood","Blood","0","0"
"pbmc8k_GTTCTCGTCGAACTGT-1","Query","B-cell","Blood","Blood","0","0"
"pbmc8k_GTTTCTATCCTTTCTC-1","Query","B-cell","Blood","Blood","0","0"
"pbmc8k_GTTTCTATCGTAGATC-1","Query","B-cell","Blood","Blood","0","0"
"pbmc8k_TAAACCGTCCTCTAGC-1","Query","B-cell","Blood","Blood","0","0"
"pbmc8k_TAAGAGACACGTTGGC-1","Query","B-cell","Blood","Blood","0","0"
"pbmc8k_TAAGAGATCTTTACGT-1","Query","B-cell","Blood","Blood","0","0"
"pbmc8k_TAAGCGTAGGAGTTTA-1","Query","B-cell","Blood","Blood","0","0"
"pbmc8k_TAAGCGTCAACTTGAC-1","Query","B-cell","Blood","Blood","0","0"
"pbmc8k_TAAGTGCCAACTGGCC-1","Query","B-cell","Blood","Blood","0","0"
"pbmc8k_TAAGTGCCATGACGGA-1","Query","B-cell","Blood","Blood","0","0"
"pbmc8k_TAAGTGCTCAGTTTGG-1","Query","B-cell","Blood","Blood","0","0"
"pbmc8k_TACACGAAGACACGAC-1","Query","B-cell","Blood","Blood","0","0"
"pbmc8k_TACACGACATCACGTA-1","Query","B-cell","Blood","Blood","0","0"
"pbmc8k_TACAGTGAGCCAGAAC-1","Query","B-cell","Blood","Blood","0","0"
"pbmc8k_TACAGTGTCATATCGG-1","Query","B-cell","Blood","Blood","0","0"
"pbmc8k_TACCTTACAAGGCTCC-1","Query","B-cell","Blood","Blood","0","0"
"pbmc8k_TACCTTACATCACAAC-1","Query","B-cell","Blood","Blood","0","0"
"pbmc8k_TACCTTAGTACGACCC-1","Query","B-cell","Blood","Blood","0","0"
"pbmc8k_TACCTTAGTCTCACCT-1","Query","B-cell","Blood","Blood","0","0"
"pbmc8k_TACCTTAGTTCGCTAA-1","Query","B-cell","Blood","Blood","0","0"
"pbmc8k_TACCTTATCACCGGGT-1","Query","B-cell","Blood","Blood","0","0"
"pbmc8k_TACCTTATCCAATGGT-1","Query","B-cell","Blood","Blood","0","0"
"pbmc8k_TACGGGCCAGATAATG-1","Query","B-cell","Blood","Blood","0","0"
"pbmc8k_TACGGTAAGCCCTAAT-1","Query","B-cell","Blood","Blood","0","0"
"pbmc8k_TACGGTACATACTCTT-1","Query","B-cell","Blood","Blood","0","0"
"pbmc8k_TACGGTAGTTCACGGC-1","Query","B-cell","Blood","Blood","0","0"
"pbmc8k_TACTCATCAAACCTAC-1","Query","B-cell","Blood","Blood","0","0"
"pbmc8k_TACTCATCAGGTCTCG-1","Query","B-cell","Blood","Blood","0","0"
"pbmc8k_TACTCATCATATACGC-1","Query","B-cell","Blood","Blood","0","0"
"pbmc8k_TACTCATTCCACGAAT-1","Query","B-cell","Blood","Blood","0","0"
"pbmc8k_TACTCGCCAGGCAGTA-1","Query","B-cell","Blood","Blood","0","0"
"pbmc8k_TACTCGCTCCACGTGG-1","Query","B-cell","Blood","Blood","0","0"
"pbmc8k_TACTTACAGTAGTGCG-1","Query","B-cell","Blood","Blood","0","0"
"pbmc8k_TACTTACCACCACCAG-1","Query","B-cell","Blood","Blood","0","0"
"pbmc8k_TACTTACGTATGAAAC-1","Query","B-cell","Blood","Blood","0","0"
"pbmc8k_TACTTACGTTCGGGCT-1","Query","B-cell","Blood","Blood","0","0"
"pbmc8k_TACTTGTCATCCGGGT-1","Query","B-cell","Blood","Blood","0","0"
"pbmc8k_TACTTGTTCACGCGGT-1","Query","B-cell","Blood","Blood","0","0"
"pbmc8k_TACTTGTTCCTAGAAC-1","Query","B-cell","Blood","Blood","0","0"
"pbmc8k_TAGAGCTAGCACACAG-1","Query","B-cell","Blood","Blood","0","0"
"pbmc8k_TAGAGCTAGCCACGTC-1","Query","B-cell","Blood","Blood","0","0"
"pbmc8k_TAGCCGGGTAGAGTGC-1","Query","B-cell","Blood","Blood","0","0"
"pbmc8k_TAGCCGGTCTGTACGA-1","Query","B-cell","Blood","Blood","0","0"
"pbmc8k_TAGGCATAGCCCGAAA-1","Query","B-cell","Blood","Blood","0","0"
"pbmc8k_TAGGCATGTACATCCA-1","Query","B-cell","Blood","Blood","0","0"
"pbmc8k_TAGTTGGAGAAACCTA-1","Query","B-cell","Blood","Blood","0","0"
"pbmc8k_TAGTTGGAGACTGGGT-1","Query","B-cell","Blood","Blood","0","0"
"pbmc8k_TAGTTGGAGATCACGG-1","Query","B-cell","Blood","Blood","0","0"
"pbmc8k_TAGTTGGCAGCAGTTT-1","Query","B-cell","Blood","Blood","0","0"
"pbmc8k_TAGTTGGGTACAGCAG-1","Query","B-cell","Blood","Blood","0","0"
"pbmc8k_TATCAGGCAAGGTTTC-1","Query","B-cell","Blood","Blood","0","0"
"pbmc8k_TATCAGGGTCTCAACA-1","Query","B-cell","Blood","Blood","0","0"
"pbmc8k_TATCTCAAGCGTCTAT-1","Query","B-cell","Blood","Blood","0","0"
"pbmc8k_TATCTCACATGCTAGT-1","Query","B-cell","Blood","Blood","0","0"
"pbmc8k_TATCTCATCCCTCAGT-1","Query","B-cell","Blood","Blood","0","0"
"pbmc8k_TATGCCCAGTATGACA-1","Query","B-cell","Blood","Blood","0","0"
"pbmc8k_TCAACGAAGCGGCTTC-1","Query","B-cell","Blood","Blood","0","0"
"pbmc8k_TCAACGAGTGCAGACA-1","Query","B-cell","Blood","Blood","0","0"
"pbmc8k_TCAATCTCAAGCGATG-1","Query","B-cell","Blood","Blood","0","0"
"pbmc8k_TCAATCTCAATCAGAA-1","Query","B-cell","Blood","Blood","0","0"
"pbmc8k_TCAATCTCAGACAAGC-1","Query","B-cell","Blood","Blood","0","0"
"pbmc8k_TCAATCTGTCATCGGC-1","Query","B-cell","Blood","Blood","0","0"
"pbmc8k_TCACAAGGTATAGGTA-1","Query","B-cell","Blood","Blood","0","0"
"pbmc8k_TCACAAGTCGGAAACG-1","Query","B-cell","Blood","Blood","0","0"
"pbmc8k_TCACGAAAGGTCGGAT-1","Query","B-cell","Blood","Blood","0","0"
"pbmc8k_TCACGAAGTTCCCTTG-1","Query","B-cell","Blood","Blood","0","0"
"pbmc8k_TCACGAATCGAATCCA-1","Query","B-cell","Blood","Blood","0","0"
"pbmc8k_TCACGAATCTAGAGTC-1","Query","B-cell","Blood","Blood","0","0"
"pbmc8k_TCAGATGCACTCAGGC-1","Query","B-cell","Blood","Blood","0","0"
"pbmc8k_TCAGATGTCTATCGCC-1","Query","B-cell","Blood","Blood","0","0"
"pbmc8k_TCAGCAAAGAGCCTAG-1","Query","B-cell","Blood","Blood","0","0"
"pbmc8k_TCAGCAACAGCTGTAT-1","Query","B-cell","Blood","Blood","0","0"
"pbmc8k_TCAGCAAGTACGCTGC-1","Query","B-cell","Blood","Blood","0","0"
"pbmc8k_TCAGCTCCAGTAACGG-1","Query","B-cell","Blood","Blood","0","0"
"pbmc8k_TCAGCTCTCACCGGGT-1","Query","B-cell","Blood","Blood","0","0"
"pbmc8k_TCAGGATAGCTAGCCC-1","Query","B-cell","Blood","Blood","0","0"
"pbmc8k_TCAGGATAGGATGTAT-1","Query","B-cell","Blood","Blood","0","0"
"pbmc8k_TCAGGATAGTGGGATC-1","Query","B-cell","Blood","Blood","0","0"
"pbmc8k_TCAGGATCAGTCTTCC-1","Query","B-cell","Blood","Blood","0","0"
"pbmc8k_TCAGGATGTACCTACA-1","Query","B-cell","Blood","Blood","0","0"
"pbmc8k_TCAGGTACACATGGGA-1","Query","B-cell","Blood","Blood","0","0"
"pbmc8k_TCAGGTATCAGCTCGG-1","Query","B-cell","Blood","Blood","0","0"
"pbmc8k_TCAGGTATCGGCGCAT-1","Query","B-cell","Blood","Blood","0","0"
"pbmc8k_TCATTACAGTGTGGCA-1","Query","B-cell","Blood","Blood","0","0"
"pbmc8k_TCATTACGTAAAGTCA-1","Query","B-cell","Blood","Blood","0","0"
"pbmc8k_TCATTACTCGACAGCC-1","Query","B-cell","Blood","Blood","0","0"
"pbmc8k_TCATTTGCACTGTCGG-1","Query","B-cell","Blood","Blood","0","0"
"pbmc8k_TCATTTGGTGAGGCTA-1","Query","B-cell","Blood","Blood","0","0"
"pbmc8k_TCATTTGTCGTTGACA-1","Query","B-cell","Blood","Blood","0","0"
"pbmc8k_TCATTTGTCTACTATC-1","Query","B-cell","Blood","Blood","0","0"
"pbmc8k_TCCACACCATGTTGAC-1","Query","B-cell","Blood","Blood","0","0"
"pbmc8k_TCCACACGTGGTACAG-1","Query","B-cell","Blood","Blood","0","0"
"pbmc8k_TCCACACGTTATTCTC-1","Query","B-cell","Blood","Blood","0","0"
"pbmc8k_TCCCGATCAAGGGTCA-1","Query","B-cell","Blood","Blood","0","0"
"pbmc8k_TCCCGATCACTGTGTA-1","Query","B-cell","Blood","Blood","0","0"
"pbmc8k_TCCCGATCAGGACGTA-1","Query","B-cell","Blood","Blood","0","0"
"pbmc8k_TCGAGGCAGTGGTAGC-1","Query","B-cell","Blood","Blood","0","0"
"pbmc8k_TCGAGGCTCCGTACAA-1","Query","B-cell","Blood","Blood","0","0"
"pbmc8k_TCGAGGCTCGGCATCG-1","Query","B-cell","Blood","Blood","0","0"
"pbmc8k_TCGCGAGCACCGAATT-1","Query","B-cell","Blood","Blood","0","0"
"pbmc8k_TCGCGAGGTGCGATAG-1","Query","B-cell","Blood","Blood","0","0"
"pbmc8k_TCGCGTTCAGTTCCCT-1","Query","B-cell","Blood","Blood","0","0"
"pbmc8k_TCGGGACCAAGCGTAG-1","Query","B-cell","Blood","Blood","0","0"
"pbmc8k_TCGGGACCAATGCCAT-1","Query","B-cell","Blood","Blood","0","0"
"pbmc8k_TCGGGACGTTCCGTCT-1","Query","B-cell","Blood","Blood","0","0"
"pbmc8k_TCGGGACTCTGCCCTA-1","Query","B-cell","Blood","Blood","0","0"
"pbmc8k_TCGGTAAAGGAGTTGC-1","Query","B-cell","Blood","Blood","0","0"
"pbmc8k_TCGGTAACATTGCGGC-1","Query","B-cell","Blood","Blood","0","0"
"pbmc8k_TCGTACCCAGCTGCAC-1","Query","B-cell","Blood","Blood","0","0"
"pbmc8k_TCGTACCTCAACACAC-1","Query","B-cell","Blood","Blood","0","0"
"pbmc8k_TCGTAGACAAGGACTG-1","Query","B-cell","Blood","Blood","0","0"
"pbmc8k_TCTATTGGTAAGGGAA-1","Query","B-cell","Blood","Blood","0","0"
"pbmc8k_TCTATTGGTATCGCAT-1","Query","B-cell","Blood","Blood","0","0"
"pbmc8k_TCTCTAACAGGCTCAC-1","Query","B-cell","Blood","Blood","0","0"
"pbmc8k_TCTCTAAGTAACGACG-1","Query","B-cell","Blood","Blood","0","0"
"pbmc8k_TCTCTAAGTATCGCAT-1","Query","B-cell","Blood","Blood","0","0"
"pbmc8k_TCTCTAATCCTTCAAT-1","Query","B-cell","Blood","Blood","0","0"
"pbmc8k_TCTGAGACATTACGAC-1","Query","B-cell","Blood","Blood","0","0"
"pbmc8k_TCTGGAACAGCATGAG-1","Query","B-cell","Blood","Blood","0","0"
"pbmc8k_TCTGGAAGTGTAATGA-1","Query","B-cell","Blood","Blood","0","0"
"pbmc8k_TCTTCGGAGCGTTTAC-1","Query","B-cell","Blood","Blood","0","0"
"pbmc8k_TCTTCGGTCCATGCTC-1","Query","B-cell","Blood","Blood","0","0"
"pbmc8k_TCTTTCCAGGACTGGT-1","Query","B-cell","Blood","Blood","0","0"
"pbmc8k_TCTTTCCCAAACGCGA-1","Query","B-cell","Blood","Blood","0","0"
"pbmc8k_TCTTTCCCAATGAATG-1","Query","B-cell","Blood","Blood","0","0"
"pbmc8k_TCTTTCCCACGACGAA-1","Query","B-cell","Blood","Blood","0","0"
"pbmc8k_TCTTTCCCATGATCCA-1","Query","B-cell","Blood","Blood","0","0"
"pbmc8k_TCTTTCCGTCCGCTGA-1","Query","B-cell","Blood","Blood","0","0"
"pbmc8k_TGAAAGACAGACAGGT-1","Query","B-cell","Blood","Blood","0","0"
"pbmc8k_TGACAACCACAGGTTT-1","Query","B-cell","Blood","Blood","0","0"
"pbmc8k_TGACAACTCTAACTGG-1","Query","B-cell","Blood","Blood","0","0"
"pbmc8k_TGACGGCAGCTCTCGG-1","Query","B-cell","Blood","Blood","0","0"
"pbmc8k_TGACGGCCATAAGACA-1","Query","B-cell","Blood","Blood","0","0"
"pbmc8k_TGACGGCGTAAGTGTA-1","Query","B-cell","Blood","Blood","0","0"
"pbmc8k_TGACGGCGTAATAGCA-1","Query","B-cell","Blood","Blood","0","0"
"pbmc8k_TGACGGCGTGGCGAAT-1","Query","B-cell","Blood","Blood","0","0"
"pbmc8k_TGACTAGAGTAGCCGA-1","Query","B-cell","Blood","Blood","0","0"
"pbmc8k_TGACTTTAGCACAGGT-1","Query","B-cell","Blood","Blood","0","0"
"pbmc8k_TGACTTTGTGATAAAC-1","Query","B-cell","Blood","Blood","0","0"
"pbmc8k_TGAGAGGGTGACGGTA-1","Query","B-cell","Blood","Blood","0","0"
"pbmc8k_TGAGAGGGTGATGCCC-1","Query","B-cell","Blood","Blood","0","0"
"pbmc8k_TGAGCATGTAGCTCCG-1","Query","B-cell","Blood","Blood","0","0"
"pbmc8k_TGAGCATTCGTTTGCC-1","Query","B-cell","Blood","Blood","0","0"
"pbmc8k_TGAGCATTCTGAAAGA-1","Query","B-cell","Blood","Blood","0","0"
"pbmc8k_TGATTTCAGCACAGGT-1","Query","B-cell","Blood","Blood","0","0"
"pbmc8k_TGATTTCTCTTGTATC-1","Query","B-cell","Blood","Blood","0","0"
"pbmc8k_TGCACCTAGACTGGGT-1","Query","B-cell","Blood","Blood","0","0"
"pbmc8k_TGCACCTAGGTGTGGT-1","Query","B-cell","Blood","Blood","0","0"
"pbmc8k_TGCACCTAGTGGGATC-1","Query","B-cell","Blood","Blood","0","0"
"pbmc8k_TGCCAAAGTACGCACC-1","Query","B-cell","Blood","Blood","0","0"
"pbmc8k_TGCCAAAGTCAGCTAT-1","Query","B-cell","Blood","Blood","0","0"
"pbmc8k_TGCCAAAGTCTTGTCC-1","Query","B-cell","Blood","Blood","0","0"
"pbmc8k_TGCCCATAGGGATACC-1","Query","B-cell","Blood","Blood","0","0"
"pbmc8k_TGCCCATGTCTCATCC-1","Query","B-cell","Blood","Blood","0","0"
"pbmc8k_TGCCCATTCATCGATG-1","Query","B-cell","Blood","Blood","0","0"
"pbmc8k_TGCCCTACAAATCCGT-1","Query","B-cell","Blood","Blood","0","0"
"pbmc8k_TGCCCTATCGTCCAGG-1","Query","B-cell","Blood","Blood","0","0"
"pbmc8k_TGCGCAGAGGGTGTTG-1","Query","B-cell","Blood","Blood","0","0"
"pbmc8k_TGCGCAGCAGATGGGT-1","Query","B-cell","Blood","Blood","0","0"
"pbmc8k_TGCGGGTCACGGATAG-1","Query","B-cell","Blood","Blood","0","0"
"pbmc8k_TGCGGGTCATATGAGA-1","Query","B-cell","Blood","Blood","0","0"
"pbmc8k_TGCGGGTGTTAAGGGC-1","Query","B-cell","Blood","Blood","0","0"
"pbmc8k_TGCGTGGAGTTAACGA-1","Query","B-cell","Blood","Blood","0","0"
"pbmc8k_TGCTACCCACAAGTAA-1","Query","B-cell","Blood","Blood","0","0"
"pbmc8k_TGCTACCCAGTGAGTG-1","Query","B-cell","Blood","Blood","0","0"
"pbmc8k_TGCTACCGTCTAGTGT-1","Query","B-cell","Blood","Blood","0","0"
"pbmc8k_TGCTACCTCGGGAGTA-1","Query","B-cell","Blood","Blood","0","0"
"pbmc8k_TGCTGCTAGCCCAGCT-1","Query","B-cell","Blood","Blood","0","0"
"pbmc8k_TGCTGCTAGGATATAC-1","Query","B-cell","Blood","Blood","0","0"
"pbmc8k_TGCTGCTGTAGCAAAT-1","Query","B-cell","Blood","Blood","0","0"
"pbmc8k_TGCTGCTGTCAGAGGT-1","Query","B-cell","Blood","Blood","0","0"
"pbmc8k_TGCTGCTGTTACAGAA-1","Query","B-cell","Blood","Blood","0","0"
"pbmc8k_TGGCGCAAGTACCGGA-1","Query","B-cell","Blood","Blood","0","0"
"pbmc8k_TGGCGCAGTGCGCTTG-1","Query","B-cell","Blood","Blood","0","0"
"pbmc8k_TGGCGCAGTGTAAGTA-1","Query","B-cell","Blood","Blood","0","0"
"pbmc8k_TGGCGCATCACCAGGC-1","Query","B-cell","Blood","Blood","0","0"
"pbmc8k_TGGCTGGAGAGGACGG-1","Query","B-cell","Blood","Blood","0","0"
"pbmc8k_TGGCTGGCAGTCCTTC-1","Query","B-cell","Blood","Blood","0","0"
"pbmc8k_TGGCTGGGTCTAGTCA-1","Query","B-cell","Blood","Blood","0","0"
"pbmc8k_TGGCTGGTCGGTGTTA-1","Query","B-cell","Blood","Blood","0","0"
"pbmc8k_TGGGAAGAGATCACGG-1","Query","B-cell","Blood","Blood","0","0"
"pbmc8k_TGGGAAGCAGATCGGA-1","Query","B-cell","Blood","Blood","0","0"
"pbmc8k_TGGGAAGCATGTTGAC-1","Query","B-cell","Blood","Blood","0","0"
"pbmc8k_TGGGAAGGTATCTGCA-1","Query","B-cell","Blood","Blood","0","0"
"pbmc8k_TGGGAAGTCAGTCAGT-1","Query","B-cell","Blood","Blood","0","0"
"pbmc8k_TGGTTAGAGGGTGTTG-1","Query","B-cell","Blood","Blood","0","0"
"pbmc8k_TGGTTCCTCAGAAATG-1","Query","B-cell","Blood","Blood","0","0"
"pbmc8k_TGGTTCCTCCCTCAGT-1","Query","B-cell","Blood","Blood","0","0"
"pbmc8k_TGTATTCGTAAACCTC-1","Query","B-cell","Blood","Blood","0","0"
"pbmc8k_TGTATTCGTGCAACTT-1","Query","B-cell","Blood","Blood","0","0"
"pbmc8k_TGTCCCAGTGCACCAC-1","Query","B-cell","Blood","Blood","0","0"
"pbmc8k_TGTCCCATCTTAGCCC-1","Query","B-cell","Blood","Blood","0","0"
"pbmc8k_TGTGGTAAGCGCTCCA-1","Query","B-cell","Blood","Blood","0","0"
"pbmc8k_TGTGGTACAAGTTCTG-1","Query","B-cell","Blood","Blood","0","0"
"pbmc8k_TGTGGTAGTTGGTTTG-1","Query","B-cell","Blood","Blood","0","0"
"pbmc8k_TGTGTTTCATGGTAGG-1","Query","B-cell","Blood","Blood","0","0"
"pbmc8k_TGTTCCGCACGTCAGC-1","Query","B-cell","Blood","Blood","0","0"
"pbmc8k_TGTTCCGGTTTGGCGC-1","Query","B-cell","Blood","Blood","0","0"
"pbmc8k_TTAACTCAGCTTCGCG-1","Query","B-cell","Blood","Blood","0","0"
"pbmc8k_TTAACTCGTTCCGTCT-1","Query","B-cell","Blood","Blood","0","0"
"pbmc8k_TTAACTCTCAGTGCAT-1","Query","B-cell","Blood","Blood","0","0"
"pbmc8k_TTAGGACAGAGGTAGA-1","Query","B-cell","Blood","Blood","0","0"
"pbmc8k_TTAGGACCAAATCCGT-1","Query","B-cell","Blood","Blood","0","0"
"pbmc8k_TTAGGACCAGCTGCAC-1","Query","B-cell","Blood","Blood","0","0"
"pbmc8k_TTAGGCAGTCTGGTCG-1","Query","B-cell","Blood","Blood","0","0"
"pbmc8k_TTAGGCAGTTAAGACA-1","Query","B-cell","Blood","Blood","0","0"
"pbmc8k_TTAGGCATCAGCTCGG-1","Query","B-cell","Blood","Blood","0","0"
"pbmc8k_TTAGTTCAGCAGGTCA-1","Query","B-cell","Blood","Blood","0","0"
"pbmc8k_TTAGTTCTCAGTCCCT-1","Query","B-cell","Blood","Blood","0","0"
"pbmc8k_TTATGCTAGAAACCGC-1","Query","B-cell","Blood","Blood","0","0"
"pbmc8k_TTATGCTAGCATCATC-1","Query","B-cell","Blood","Blood","0","0"
"pbmc8k_TTATGCTAGTCTCAAC-1","Query","B-cell","Blood","Blood","0","0"
"pbmc8k_TTATGCTCAAGGACTG-1","Query","B-cell","Blood","Blood","0","0"
"pbmc8k_TTATGCTCATGCAATC-1","Query","B-cell","Blood","Blood","0","0"
"pbmc8k_TTATGCTTCTGGTGTA-1","Query","B-cell","Blood","Blood","0","0"
"pbmc8k_TTCCCAGTCAACTCTT-1","Query","B-cell","Blood","Blood","0","0"
"pbmc8k_TTCGAAGTCCTCCTAG-1","Query","B-cell","Blood","Blood","0","0"
"pbmc8k_TTCGAAGTCGGGAGTA-1","Query","B-cell","Blood","Blood","0","0"
"pbmc8k_TTCGGTCAGGTGACCA-1","Query","B-cell","Blood","Blood","0","0"
"pbmc8k_TTCGGTCGTCATATGC-1","Query","B-cell","Blood","Blood","0","0"
"pbmc8k_TTCGGTCTCAGTCCCT-1","Query","B-cell","Blood","Blood","0","0"
"pbmc8k_TTCGGTCTCGCGATCG-1","Query","B-cell","Blood","Blood","0","0"
"pbmc8k_TTCTACACAGACGCTC-1","Query","B-cell","Blood","Blood","0","0"
"pbmc8k_TTCTCAACATTTCAGG-1","Query","B-cell","Blood","Blood","0","0"
"pbmc8k_TTCTCAATCATCGGAT-1","Query","B-cell","Blood","Blood","0","0"
"pbmc8k_TTCTCCTCAAACGTGG-1","Query","B-cell","Blood","Blood","0","0"
"pbmc8k_TTCTCCTCAATACGCT-1","Query","B-cell","Blood","Blood","0","0"
"pbmc8k_TTGAACGCAAAGTCAA-1","Query","B-cell","Blood","Blood","0","0"
"pbmc8k_TTGAACGGTGATAAAC-1","Query","B-cell","Blood","Blood","0","0"
"pbmc8k_TTGACTTCAGCCTATA-1","Query","B-cell","Blood","Blood","0","0"
"pbmc8k_TTGACTTGTAAACACA-1","Query","B-cell","Blood","Blood","0","0"
"pbmc8k_TTGACTTTCACATGCA-1","Query","B-cell","Blood","Blood","0","0"
"pbmc8k_TTGCCGTCACATTAGC-1","Query","B-cell","Blood","Blood","0","0"
"pbmc8k_TTGCCGTCATACTCTT-1","Query","B-cell","Blood","Blood","0","0"
"pbmc8k_TTGCCGTCATGCAACT-1","Query","B-cell","Blood","Blood","0","0"
"pbmc8k_TTGCGTCAGGGTCGAT-1","Query","B-cell","Blood","Blood","0","0"
"pbmc8k_TTGCGTCCAACACGCC-1","Query","B-cell","Blood","Blood","0","0"
"pbmc8k_TTGCGTCTCCACGTTC-1","Query","B-cell","Blood","Blood","0","0"
"pbmc8k_TTGGAACCACGGACAA-1","Query","B-cell","Blood","Blood","0","0"
"pbmc8k_TTGGAACCATGTCGAT-1","Query","B-cell","Blood","Blood","0","0"
"pbmc8k_TTGGAACGTCCCTTGT-1","Query","B-cell","Blood","Blood","0","0"
"pbmc8k_TTGGAACGTGACAAAT-1","Query","B-cell","Blood","Blood","0","0"
"pbmc8k_TTGGCAAAGCTAACAA-1","Query","B-cell","Blood","Blood","0","0"
"pbmc8k_TTGGCAAGTGTTAAGA-1","Query","B-cell","Blood","Blood","0","0"
"pbmc8k_TTGGCAAGTTCGGCAC-1","Query","B-cell","Blood","Blood","0","0"
"pbmc8k_TTGTAGGAGGTGATAT-1","Query","B-cell","Blood","Blood","0","0"
"pbmc8k_TTGTAGGCACCGTTGG-1","Query","B-cell","Blood","Blood","0","0"
"pbmc8k_TTGTAGGCATCCAACA-1","Query","B-cell","Blood","Blood","0","0"
"pbmc8k_TTGTAGGTCACCACCT-1","Query","B-cell","Blood","Blood","0","0"
"pbmc8k_TTTACTGAGGGTGTGT-1","Query","B-cell","Blood","Blood","0","0"
"pbmc8k_TTTACTGTCAGTCCCT-1","Query","B-cell","Blood","Blood","0","0"
"pbmc8k_TTTACTGTCTGATTCT-1","Query","B-cell","Blood","Blood","0","0"
"pbmc8k_TTTACTGTCTGCAAGT-1","Query","B-cell","Blood","Blood","0","0"
"pbmc8k_TTTATGCCAAGGACTG-1","Query","B-cell","Blood","Blood","0","0"
"pbmc8k_TTTCCTCAGCGTTGCC-1","Query","B-cell","Blood","Blood","0","0"
"pbmc8k_TTTCCTCCAGGGCATA-1","Query","B-cell","Blood","Blood","0","0"
"pbmc8k_TTTGCGCAGCCACGCT-1","Query","B-cell","Blood","Blood","0","0"
"pbmc8k_TTTGCGCCACTGTTAG-1","Query","B-cell","Blood","Blood","0","0"
"pbmc8k_TTTGCGCGTAAACGCG-1","Query","B-cell","Blood","Blood","0","0"
"pbmc8k_TTTGCGCGTAAATGAC-1","Query","B-cell","Blood","Blood","0","0"
"pbmc8k_TTTGCGCGTAGCTGCC-1","Query","B-cell","Blood","Blood","0","0"
"pbmc8k_TTTGGTTAGCTATGCT-1","Query","B-cell","Blood","Blood","0","0"
"pbmc8k_TTTGTCAAGCACCGTC-1","Query","B-cell","Blood","Blood","0","0"
